38AFU5YCK8bjiNwoyRroGfLZbf4Tuh6a62,Sh,0.00804232,"['btc', 'gun', 'hacking']",0.278
1FWrm3Z1g2W4kEQXgsUyHXEk2S9dTVK54P,Sh,0.17236086,"['card', 'gamble', 'hacking']",0.261
132P7fT5qCXa3WE9PhRPaHRUh5EcF7Ut15,Sh,0.08284966,"['btc', 'hacking']",0.387
1CoYHPiwmPTrpPRehPgaQyZzPFvPkPM6Jo,Sh,420.0111077,"['btc', 'market']",0.278
1G54ZFX8qokmdJQbujXTb9r3DoiGiR5zJE,Sh,0.00008555,"['btc', 'transcation']",0.278
17KNfHUvHQY6kydoDXRyTj1k6pdBybvNrp,Sh,560.924251,"['btc', 'transcation']",0.278
3HsXoEkgMyXznQNmqEH8XDQ2YPQ8gyiNT2,Sh,0.00120018,"['btc', 'transcation']",0.278
3EFbbTv4p1QXkUB2DdHqDmbHE5ukp7swpn,Sh,0.01620338,"['btc', 'transcation']",0.278
1QDU8PM2qs9QcG2J7YAszeqR6G89wQzYad,Sh,2.13714206,"['btc', 'transcation']",0.278
3HbQbTbDcKnKTKpZCNaoJ3wjbD6AoZERr6,Sh,0.00300009,"['btc', 'transcation']",0.278
3EmnUWEN9opkExehX5CjSHTNqasogfKgfq,Sh,0.00317179,"['btc', 'transcation']",0.278
16wbCDtSD7Thdgf2F1AexXTEpJ8SZVnkAW,Sh,0.02291734,"['btc', 'transcation']",0.278
3QVmvFv7o6eKXaN2gxheenEi3Km1AA8cFc,Sh,0.00808788,"['btc', 'transcation']",0.278
3Qvgru84PmE5SHkosyfgcgxxLBvTCfBpQZ,Sh,0.01739361,"['btc', 'transcation']",0.278
19DQcDVecMUvu1Wbw7Usmrg4pgogU97vsY,Sh,0.00002942,"['btc', 'transcation']",0.278
3E8MUxkK1y9a69RkdWeJ2RvjUaFNYzNN6p,Sh,0.00122989,"['btc', 'transcation']",0.278
3GEtfS1mAfyqH4YRdA5VPKis4zVW7M9dDY,Sh,0.01357001,"['btc', 'transcation']",0.278
34gmWKDJgmB8XNVo2DqnGxGN5vXmqFf5fo,Sh,0.01532512,"['btc', 'transcation']",0.278
1NEuSj2i8HT6SFoD6WLeYkonnp8PijL7pq,Sh,0.09884496,"['btc', 'transcation']",0.278
3JHxGtdqRvT6pwp4fYA2HpnUaHui71zpp3,Sh,0.001575,"['btc', 'transcation']",0.278
3PnYvKBxRDCGVvAfiM8PMHuWGFc94zhRex,Sh,0.005,"['btc', 'transcation']",0.278
3CFo53mRRS4Nz1f42h54R79n8VDSS5CMbx,Sh,4.23524383,"['btc', 'transcation']",0.278
3QHxavbLeeF52n8T6ggC7gZ6wTZ3ftwvx4,Sh,0.24650112,"['btc', 'transcation']",0.278
1B2CJXjw2YKawodSCwuqctGwxBFhbSFoUB,Sh,82.6911901,"['btc', 'transcation']",0.278
13yGGyojuVXdELLaoi1HjgVj46qtNZFqUh,Sh,0.00538791,"['btc', 'transcation']",0.278
3JKoupvK5BZkaENeTzFh3t8ozATe6tj9SK,Sh,0.01646333,"['btc', 'transcation']",0.278
33GJpJe9k9S8t6ey3vKck8wyKyNVZGFJU4,Sh,0.205122,"['btc', 'transcation']",0.278
35wJzHHxiGUan9A4U8Q5FmW3ryN6voDbQP,Sh,0.0102,"['btc', 'transcation']",0.278
1CAVLv2Mgaho5mFUGrmYQrS3NWjschZWpc,Sh,0.00044843,"['btc', 'transcation']",0.278
12ccg24Zjxr1MDHDYE25aLgbg6Wi5xAnYy,Sh,0.04122534,"['btc', 'transcation']",0.278
345GbDrQ3FK1yCw8N6yGLZVUs8jAagi9g4,Sh,0.010599,"['btc', 'transcation']",0.278
1LmozXZhTNgRud8X6SzG1CUzQwKeaYHPRW,Sh,8.04639954,"['btc', 'transcation']",0.278
3K6eYEwnKojZSyquv844WY9eA41atKv8X7,Sh,0.01054009,"['btc', 'transcation']",0.278
1Bx8eRTCDwpohmYpBfy5aADjdxcPuakSGZ,Sh,0.00164338,"['btc', 'transcation']",0.278
1G9mW9kXqYjvQ93HCSCd2FoKUZ5zY8vd4s,Sh,0.00066907,"['btc', 'transcation']",0.278
17FRvf8NGxYaJ5g2Q1drodcTYSDNTGectM,Sh,0.00030512,"['btc', 'transcation']",0.278
1BABwPHXrDY4T8zszZoV2f18JyEP1CbYgY,Sh,0.14623641,"['btc', 'transcation']",0.278
1ETzvBFBoNYov62MS4Nxq6x8difbMazH7q,Sh,0.2204334,"['btc', 'transcation']",0.278
132UkG4qbNkEvSAGXFDNtdaGcGoRK81Sgk,Sh,0.00056162,"['btc', 'transcation']",0.278
39v4um7bo7dHqDcDsNRz6wMDZ47t2Um17T,Sh,0.03488744,"['btc', 'transcation']",0.278
3GsrRrWRZLVPya4TeYKp4tuy14TQ3ZEZH4,Sh,0.0041837,"['btc', 'transcation']",0.278
3Gbe7QhNkHwxeE2uopdWCv39RpmjEzpGXV,Sh,0.01858499,"['btc', 'transcation']",0.278
37o9eP99K62HSFbvKZaCdyoPPSr7aRWDEW,Sh,0.06888304,"['btc', 'transcation']",0.278
3A9ZXr7PrLFmddmMQezwoqRLU4H5w9HazC,Sh,0.00633051,"['btc', 'transcation']",0.278
339aUDnaLqfEPLL2wrkfp1YGwUkBceW9SM,Sh,0.03272753,"['btc', 'transcation']",0.278
1DcUh2CTcEJs2Hc3tK6MFNwVieBBsE9Yfy,Sh,0.02968509,"['btc', 'market']",0.261
1F654t1HxrZtg7uhcXyZeFvRsyB8HCnBXJ,Sh,1.91819437,"['btc', 'transcation']",0.261
13RRhKrWj6VprwB5oXXyJTmadRV2XBEouA,Sh,0.00055524,"['btc', 'porn']",0.15
12eSuU84qUsS9ZrJEzW2XkfTXqLk14i7nT,Sh,0.0235,"['drugs', 'card']",0
112FWGSL2q7rVTgabQuJbo3WwKid8dMEtj,Sh,0.45941653,"['btc', 'hacking']",0
bc1qgdg55q5wz6ypxexnry3srqv4s5nkm8d920r345,Sh,0.00047926,['porn'],12.521
3DgsgnARhiWLT7GCw7Wa4ZA2z8fsanz83R,Sh,0.2,['btc'],3.533
1C4hDUYMW84itraMY71X4HjwUn2k61dWC3,Sh,1.25270859,['kill'],1.962
1A1zP1eP5QGefi2DMPTfTL5SLmv7DivfNa,Sh,68.541016,['btc'],1.113
1MF1bhsFLkBzzz9vpFYEmvwT2TbyCt7NZJ,Sh,0.06081082,['btc'],0.947
12xZ7PtxXVNT1SS8ji3DVzcJRCsK9cZYcG,Sh,1.628,['btc'],0.838
17DyWSfa6yZYVUsSdkaYWBDHTSQkxjMQPf,Sh,0.6425,['btc'],0.838
1BnGXDXXn4uZ7Y58BnrzyzWoYtuLuppb85,Sh,0.8901,['btc'],0.838
1Dj3CNeUeZFV8ucZfRrGrs5mrRPkiawAx9,Sh,0.23231,['btc'],0.838
1MUsPWodxkQyYt8fK2ZzGrchEziiW8Yt4w,Sh,0.1623601,['btc'],0.838
1PQ6KJ57t8vSAsvSKSF7FhTrHtVAiYU51A,Sh,8.38,['btc'],0.838
3DUdv9EBUQrcJVaA4c8Wm3kAiqHf2uAALW,Sh,0.57660443,['btc'],0.838
1NQc2DkXwF8o1iab5ZFtApeTE6Etuo1Tm2,Sh,0.00910543,['hacking'],0.466
19YJrhgxGM6SkAxKT2akXRCGnLrqFHjvSn,Sh,0.00054,['btc'],0.459
13QomuMAFkhYWtj1UdnAdJ67vbJxHWzmBp,Sh,1.628,['btc'],0.405
16J5GgZWuKxZ3RbL2xcp8Li8Amuz3NYEMb,Sh,8.39994,['btc'],0.405
17BHWBt9jrvmesd9Qufeehc38LkqzBsUbU,Sh,0.23011,['btc'],0.405
1EXsaRjdoJL7a5rojy4tpbq88ZAvZj2Fqk,Sh,0.56996,['btc'],0.405
37rLFSqfDA6HfLMCTAaQUWkRAFEMgnKtji,Sh,0.957,['btc'],0.405
3DqiDYi2RgwJnkT1zGok1EtkPj9Qae2o9j,Sh,12.1,['btc'],0.405
1FbWnjJXrSoxGMCnQgVCuW2FuieAC3gBtY,Sh,0.004179,['hacking'],0.387
13TKAH9VFoWF9FyvQbYV99jcAyt9946SgM,Sh,0.25559875,['porn'],0.364
bc1q00r0y6jull5j2j6fjlmlqeh7s6p2kpmskpy840,Sh,0.29134018,['gamble'],0.34
14UmsUSFH5eeoVM3tDUhnWxnVvujJ2r5HX,Sh,0.0028,['hacking'],0.33
1C9XkQQ2Ezx7jJoSYpjiZzW7aNrXBuXfCc,Sh,0.09920141,['hacking'],0.33
34vMEB5mTmTZ2CXo1SxYuSQB8mQxU8kAPW,Sh,0.00001,['hacking'],0.328
123CCwGSq7bErS3q7ZBFpyvhbfasj5P2SD,Sh,0.66533873,['btc'],0.278
12Jm48v7p1AevMsRdFkA2vEAjRoQtWLWJz,Sh,0.1792,['btc'],0.278
12kyH64RRumE69ksyxA7GbDb2Ai5PWSyNq,Sh,12.46868586,['btc'],0.278
13UPT52DVrDyDWX4bPFF4FPFVJ7VG5Ac7B,Sh,1.02252999,['btc'],0.278
13ywgeswxfc5xMJ2XbbFsyAStbASzMe47j,Sh,0.033896,['btc'],0.278
15NBiLwhbS7Uu6d6xFYUXHcxRou9hEiPeg,Sh,2.67753965,['btc'],0.278
15xn8ScBoD2RyKbWvPMy5kYQLvnYj8kdNg,Sh,615.8924254,['btc'],0.278
16D8HB4iDMVgL6t7avxrXo7xVWZ9phcYhG,Sh,0.00758,['btc'],0.278
16PcmXMiaSyfY5K2WxSz7rWb45CJeTNdPn,Sh,0.050233,['btc'],0.278
16xoHHR7yv9McaPnmNP5uQ3MR7q337sabS,Sh,15.42302884,['btc'],0.278
17Ad5ts7ZopXLdrThhoLBEVaLj4XWTe9HY,Sh,356.2,['btc'],0.278
17bA6gEMYi2m59XqKwZW4A9gCbb3FHsPGn,Sh,0.030969,['btc'],0.278
17cGu9e1SWRVUJ7c6b6yHbsUqCyZyY87Co,Sh,0.038218,['btc'],0.278
17earr5LbQprKy7sXi9CM2YCR5oJ21fUaa,Sh,1.54259358,['btc'],0.278
17GZGFU5VenUTR9YhuF3TCDmfAgB7WvAhr,Sh,0.02253877,['btc'],0.278
17nzfKN6zJHPUHNKCGyfWE1C7Uq1sNbEtq,Sh,6.17439525,['btc'],0.278
193BZoZgzQNCoJa5vZ1Znx8yfn2BEkxf7s,Sh,0.92129106,['btc'],0.278
196Uf563xotqwX3XfQQh9h2qmosDK75jYM,Sh,0.13726,['btc'],0.278
1AgUQbTX1qZVyTUrXpQJsB4Vi6b9EwzK2j,Sh,0.01018112,['btc'],0.278
1APMXEM4SUeR9WBwvUVjAponH9vzeG2fjp,Sh,1201.00162,['btc'],0.278
1AqxgjEwTvUoCirk2prBPckmzx8NnbUugB,Sh,197.5995319,['btc'],0.278
1AYLzYN7SGu5FQLBTADBzqKm4b6Udt6Bw6,Sh,6511.961623,['btc'],0.278
1BENyZRDw2Qz9XQ5awBMnqDLZthy5RSStP,Sh,296.7805413,['btc'],0.278
1BJCupDvCfAS8Fyrq4rQY2QwVPVqsjgFpv,Sh,0.50329724,['btc'],0.278
1BjirYhGXRDDtZmZX4v1BT5uEV6fMvTv8X,Sh,0.047252,['btc'],0.278
1BwaH5q1XN6Tw9kzKefYTAhn8pzLCCuZ1j,Sh,0.15259,['btc'],0.278
1C49cQ6hxQhsr6dpBEWPEjmTAR6jQqQtFz,Sh,401.0405467,['btc'],0.278
1C4H9GDALbjDVnbfTt4a9ML1XbwzLS1rUC,Sh,1908.00222,['btc'],0.278
1D1cUe2zJtJteArEBtUqvtVV2a18m2scCQ,Sh,0.19147,['btc'],0.278
1DLxfMsLyoGtzkjEwCcPuxEqqdP1CSe4Xr,Sh,615.6823014,['btc'],0.278
1DQqEXNuWsX2DiRzW43MBujmLq8KLQs9t6,Sh,131.3362579,['btc'],0.278
1Dwx9xfADskVtPMM2LAdxdCUExAyB85tzi,Sh,0.04563,['btc'],0.278
1Edi4uNFiR3R2Tw96MU3bLi7ZFtBsihNpY,Sh,354.0009368,['btc'],0.278
1EE2ThKyevd5MoFsbCYftAyy5vtkpb4Lfg,Sh,265.4237731,['btc'],0.278
1EGVEt7gqCFDQwtCWdVdzq7NKr1g5BjQ3M,Sh,794.1116296,['btc'],0.278
1EiDhJEfs9sPDCpZS2U8sBGeckreEEA2vy,Sh,3.99774386,['btc'],0.278
1Ek9Jj3Z3Bnipe3DnMq2otXG5iNjze66VR,Sh,1799.241131,['btc'],0.278
1EmPSSzJU6nQWs9soSwZktDFcPd7EBrnWR,Sh,0.078827,['btc'],0.278
1ESGu131jkhgUcYk8sFWWUfPpTNrfGgAmS,Sh,32703.6237,['btc'],0.278
1EZ5MuASLCJgFJ67XducYWed6MqTCC1bgA,Sh,0.43356916,['btc'],0.278
1F9nZjq9RhvEK8Qiq2EJpuzn9yThicJGQJ,Sh,109.6921936,['btc'],0.278
1Fkhvum7YANk14mQ4cRQFPXph7cHWLedXv,Sh,1491.945661,['btc'],0.278
1FqoTw9yQegwv64N6KF7kmkmHiZ6BByPU3,Sh,1.9301262,['btc'],0.278
1FTdPSvcTvr8658KnsYWVX2zg5PetvKLqQ,Sh,307.8705473,['btc'],0.278
1GBuSC5XTm933KFQa7LB7HjA3NMwiV1ZCS,Sh,0.136284,['btc'],0.278
1GCY1CfQf1hfQUhtxyCeSo1ZxexxoiAYXz,Sh,203.1149934,['btc'],0.278
1GfVfGmHdywAQgVvn6obMLhHcKQCm2aBK1,Sh,0.0008961,['btc'],0.278
1GrERbBPd6L5bUdRddbgXP1U7ZH8diMd84,Sh,0.27716,['btc'],0.278
1HSrHfatXvJnqmJTkr58nPGfwva2wWRBbB,Sh,0.31091685,['btc'],0.278
1HtWjErHG6VEEbHQfhsFdnHsCC4qs53Dxa,Sh,24.80169081,['btc'],0.278
1HvPRFpPAdgQB22Vf4SesbiWiA77hP8u4Q,Sh,1.2075,['btc'],0.278
1J7o35JGn9zDSV2Xd4MBvzC8gmGPdS9cCJ,Sh,21.35324985,['btc'],0.278
1JqrwythMRUypuPRqJEcoMPrr6SEggM39F,Sh,0.069816,['btc'],0.278
1JqWiABB61CcZ99TXVnfSzKQhW2GSR42JK,Sh,1.23898844,['btc'],0.278
1Kbpg2UZ2qACazMspPfLSRfVnyM274zKPf,Sh,0.449006,['btc'],0.278
1Kfc99mkbSJLhi2HtLR1f2gM9EG5Ff3GWv,Sh,0.17204,['btc'],0.278
1KnzatfKxoNNBbnoTjVQkfqmL5DU7divu8,Sh,0.122067,['btc'],0.278
1L4eaAn4AWu3URp5TFp8d6b6og2uqa8G8C,Sh,0.04735,['btc'],0.278
1L5sTL3EesKNuEzj1wZJMEwyiPhn9RjzJr,Sh,0.112422,['btc'],0.278
1L7W7d2sT1iTFKdwqU71SVELUkJSreaJ1q,Sh,0.052138,['btc'],0.278
1LMf2drQ53E4q1NV2iiXauraiGGHvb9j8k,Sh,0.57403442,['btc'],0.278
1Lru6bM9DA3vJ3wH9dELoCGP9Lvhu7ADVY,Sh,0.32148744,['btc'],0.278
1LswrUL4rjy7kvuvt8CDuSnPNDmW4bfuRs,Sh,0.10105,['btc'],0.278
1LTCy9xEQmf7qahyKgYqQrcgoFUzM93r4W,Sh,0.01331579,['btc'],0.278
1MLBQcCKyMEWWdW1RapvkgURG1EVmvkBwk,Sh,0.084269,['btc'],0.278
1MWc3QzhPyrKjrERmwYU1aZV48sewWW9KE,Sh,5.03473981,['btc'],0.278
1MZYtqyW6otNLQgi1geGSGUPDgJYdJVV1f,Sh,8.81555197,['btc'],0.278
1N6boTJet4Uehr9aHNU2WVV7qyr6TdecqD,Sh,0.032559,['btc'],0.278
1Pp1MapzmfneGkW5G8KoFaU8PgKdpGNd5j,Sh,0.05225936,['btc'],0.278
1PSVKgFV4Lp1VJC9Gn5E7tnGnrWVD79tPK,Sh,0.5068742,['btc'],0.278
1Q2owN7kqqTXgn2w5BRMcTeuiTermDHwip,Sh,0.100041,['btc'],0.278
1Q5XUTiqt3EnzkZn2guwtKW7Ld8rXrdKEk,Sh,0.054192,['btc'],0.278
1QA3e1YDLB5FBpymrtut5NV8k9Z6bNWWkE,Sh,0.08994,['btc'],0.278
325GfPigdrPiYoCoa3J16mpW1ugbVx8Xa7,Sh,0.11565889,['btc'],0.278
32XgTyDiXnHy4v8NNQ9jJp35mvG4aiYAEq,Sh,0.062828,['btc'],0.278
33G6aMi1yhRnHtXW2QRgUet6QP4h1Tij3d,Sh,0.98882212,['btc'],0.278
34AMqzVdibEvAdvM75ZyDSWs7poFBDsUoy,Sh,0.097697,['btc'],0.278
372ZxhhqiJuhzdBPx2cCZL9oVTWabx9n4v,Sh,0.94960735,['btc'],0.278
377xRXPb7GrokzWQuEjvwkF7jjqukYWuKm,Sh,0.60134512,['btc'],0.278
37Fg6iP1ndaiA1P6aSAhAENHxUYYDrVJ5y,Sh,0.30354,['btc'],0.278
37Mzb4JuAo2Ua5SpVqnTPmxMifveE9BTpM,Sh,0.0039,['porn'],0.278
38GbpuQRtZapRwNXg58KB5vucgL4YhUk1h,Sh,0.073655,['btc'],0.278
38qUQJhsMokkS41B5SqE3unc9kz3xqPxYC,Sh,0.030969,['btc'],0.278
38Y12kQyX1wNXcWEyQmwBj1zxCQdds96ZY,Sh,0.12134,['btc'],0.278
39ah1Xhp2i2Bgxf7iBpu3E5ZQW6Jgu8fNt,Sh,0.00259782,['btc'],0.278
39grcm12SfUXnLH8VttdLz6ME32E59KLWP,Sh,0.01216,['btc'],0.278
39PBmDvDLgYVcu47stNhShBj6hhyZuRUEc,Sh,0.869412,['btc'],0.278
39qs5zMtVrzb4kG8qWPEByarxuhBrWQiFC,Sh,0.030268,['btc'],0.278
39tr86WiQt1N444P1JfYcA8pPnvqtTvju3,Sh,0.144906,['btc'],0.278
3BX3g5jENs4M8NNr3Qr9bgUNV26p8Z6ws8,Sh,0.157543,['btc'],0.278
3CF7eoAoNJ5LpdAaaBHA8bT6SpHRfNAocy,Sh,0.043162,['btc'],0.278
3EWAqcVeHDEd1kkXq6K7wUJiMzZrdDumCz,Sh,0.04204,['btc'],0.278
3FAYBTuXkGLZadZ57LWC3FxdFBBcRqaX4T,Sh,0.00492184,['btc'],0.278
3FiTufCUvRv6zLcnA3StL5SQY2T67WBTZ3,Sh,0.01771714,['btc'],0.278
3FkmCRdBuLWDVCYB7GP5ZjDcEvKVZcYqSi,Sh,0.0089292,['btc'],0.278
3Fz9BAQhhsXfDxxi9v3JuHoriAWGm2DCaR,Sh,1.23359046,['btc'],0.278
3Gj3FoNQ7nWdoAqntt1rXqf2A62FUkZ8zb,Sh,0.00127195,['btc'],0.278
3HicxmmZ4aqMzwyQydx8CGL4Q1PRBU2viA,Sh,5.6850579,['btc'],0.278
3J5cwzyJqvspf8YSBUSgfZs8FC8Cq9pBcU,Sh,0.0014,['btc'],0.278
3JBMLnpcTVqYbmH6YcUhL4uxeiLtHeXwqQ,Sh,0.16317,['btc'],0.278
3Jhvfi4bLDMjHfM93oRSei44zAWeaNFGrD,Sh,64.01458496,['btc'],0.278
3JvXEnR2fgrfyhTDxFJAxHtAFjzv1bT8iH,Sh,415.2140172,['btc'],0.278
3JwZq9s3yBhi8FikgYu2RvhjyBAhnSiLgy,Sh,254.8091473,['btc'],0.278
3K2LkM4yjTGyH7DGdYZPEotHkbs1kKuNbW,Sh,0.05304716,['btc'],0.278
3K9L1BT2Yxcx7ZMUpZVF2WKCXgLkKHfRQT,Sh,0.0136,['btc'],0.278
3KqT5K2GAABaLMF2VKt77Y8DEuaPjiVrPV,Sh,0.10929,['btc'],0.278
3LNXu2JNUPhaiqszg4CfbmCa2rR3H6xqdc,Sh,0.19453005,['btc'],0.278
3MtRj82vpp3m4A7SVNcvqLp1K1YyZKzjhp,Sh,0.00894159,['btc'],0.278
3N8n6aSCcJmjR1MnQLf2FuLb4Fi6P6orTU,Sh,0.080444,['btc'],0.278
3PL2Np2YxsxWTKR3Z6LjbnraTx2VYK78am,Sh,0.10505,['btc'],0.278
3QjndXLXi194ifuLa6zgcB5KGyPTfkJXsj,Sh,2.08784712,['btc'],0.278
3QkXKrUi39Nu941mb8966P4yoZca9Znnzc,Sh,0.25736,['btc'],0.278
3R1hBCHURkquAjFUv1eH5u2gXqooJkjg4B,Sh,332162.6696,['btc'],0.278
bc1q0z8uw3eykgtgud8gsuqrcvsmma55ff8909mvvg,Sh,0.17694828,['btc'],0.278
bc1q26t705uy44gryf4s8x7jxmfrywu4p7f6ye7y8x,Sh,0.01417932,['btc'],0.278
bc1q2kmuhmf2wrdlyvre8j2hd292ktuwg6pds52yfw,Sh,0.01003001,['btc'],0.278
bc1q389d6tpd4nvdw0zfe7j0rqzx8emeqm6j77flde,Sh,0.0031,['btc'],0.278
bc1q3j7zpch28qcut9tpxqa8rpfh0pgnk00n8edvgu,Sh,79.9867438,['btc'],0.278
bc1q40ngxak48kkxh3qs6rqs367grq393es8jkdpea,Sh,0.13145125,['btc'],0.278
bc1q46v20uskcjdxajys790jv0zs2shujkt4k8upqk,Sh,0.09619246,['btc'],0.278
bc1q4yjh3s4xa3ff5893mq2qtkx5s47pkr6k2d2jwg,Sh,20.50787766,['btc'],0.278
bc1q6744jt5nvcpaa0vhwfxpc0rufc5e0mrflgc0cp,Sh,0.0233829,['btc'],0.278
bc1q6pl2vnq9kpxlw0sl247c6snvn678vn09w4savu,Sh,0.05663972,['btc'],0.278
bc1q6qds5sz8e7ytqpym6yu4pv9u8er7mccptdrwac,Sh,0.065943,['btc'],0.278
bc1q6tj5jx0v6vfaae379jgdquh0c3twfupr6af77m,Sh,0.0047059,['btc'],0.278
bc1q8qjwcj8tj6xvwl47w0atnuylrzegr46s7ewusx,Sh,0.47122652,['btc'],0.278
bc1qf6g0z267yhzg4f78fsw2wj39drqnzjhguk7tr4,Sh,0.16659515,['btc'],0.278
bc1qfrlv3xrhjnhh6v406yucqefszz2h66a5f4035w,Sh,0.77151054,['btc'],0.278
bc1qgdl03k9t2f7kez6su0xccvjtmpl69uun734u46,Sh,0.01728097,['btc'],0.278
bc1qgun4eq3jqdanajtavpmt8ujevwrqcfvc0yg6zz,Sh,22.68759878,['btc'],0.278
bc1qh4dfe54r7s0ju2cp70wmcww9qt4q25rupqsmzq,Sh,0.0116747,['btc'],0.278
bc1qjq0tt7869kld7qs4ac94mhdaprt30uzwz842e6,Sh,0.08730916,['btc'],0.278
bc1qlasgd2844jqt5zg29jhnype8r52yf226r4fx6n,Sh,0.01881933,['btc'],0.278
bc1qmxvea4g0ztrxmezeev9lqcsyuxylhgn3yfe36n,Sh,0.00361984,['btc'],0.278
bc1qnkuk8aluy8j0hpev43gfykctvva5ya4j8eupfu,Sh,0.020505,['btc'],0.278
bc1qq5mdq5m6hcgwmfyl04v63qyke2nfpfp938p3q3,Sh,0.0073,['btc'],0.278
bc1qr3j5936rkdxkn9s6wezt7v2hrtjghm25nrf4y5,Sh,0.2947983,['btc'],0.278
bc1qtt9vsj2rn7rcz9nzsh97pkys9tyj5c0l3adtej,Sh,1.53230049,['btc'],0.278
bc1qxquf07xg9ulc8ndua707rwyszge49qgvtmdet5,Sh,0.11790477,['btc'],0.278
12b2d5J4gozX4wMBYj4MChbe4w4qQWoq77,Sh,0.02355899,['porn'],0.261
14ht1KvGaXD8QgYobJYDT4gTSxNoUBYdFs,Sh,0.01114995,['btc'],0.261
14iFPZzsTudX1pX85YtQVt27F42ie6i8PR,Sh,0.00159821,['btc'],0.261
15PggTG7YhJKiE6B16vkKzA1YDTZipXEX4,Sh,0.28222776,['btc'],0.261
16Mavm9adFab1JfcGL8ouUun5N7AdmM6v4,Sh,0.05568374,['btc'],0.261
17FuYAV1cYpWrPLFiNUVNsePm2AnJzBXrz,Sh,16.7498058,['btc'],0.261
18cBEMRxXHqzWWCxZNtU91F5sbUNKhL5PX,Sh,300336.5526,['btc'],0.261
1C9eU7AP2CimHEvSWbKwq9eK3E76KJkQYJ,Sh,0.16268604,['btc'],0.261
1CrypMixXWtTjYGCM5ZJmyQYP1Y39P7aLM,Sh,37.36304499,['btc'],0.261
1DECADERHVqr5o7BqeaKM8wXkESCw1Vvp1,Sh,0.00052322,['btc'],0.261
1Dh8PGeDEdb4f1ECRs7NiJHyx8cfZAj5fX,Sh,3.66482874,['btc'],0.261
1DkyBEKt5S2GDtv7aQw6rQepAvnsRyHoYM,Sh,613326.9843,['btc'],0.261
1DMk1fa9xXmXeSP5FJm5Fb6kTWgAvPmtmx,Sh,0.0098045,['btc'],0.261
1Dv2iVYDQefrzoNUtx4nKxmnfhwxmYwGVo,Sh,0.00516322,['btc'],0.261
1EYhmN81Wk8LHYbzBc2jhV6EorVq3aK67M,Sh,0.00264758,['btc'],0.261
1FrTbAYKctAuyerfp4ktJ6jW94vJJMyW6s,Sh,7.371,['btc'],0.261
1GBkdMoViPSdVvWw66QwZcrDjisdTNdBkr,Sh,0.00350723,['btc'],0.261
1GxvA8X2PZrArgiTEkaBJZSfDXrRgsK2Fe,Sh,0.91,['btc'],0.261
1HQVUeVdkVdfrLBBCNr7sZHT7Zwn3WLdz1,Sh,0.99349389,['btc'],0.261
1JX8shBnLAQU7EVnWGcwRmuTnBnRaynAWi,Sh,4.45441398,['btc'],0.261
1KFHE7w8BhaENAswwryaoccDb6qcT6DbYY,Sh,5301775.467,['btc'],0.261
1L8hGpneUCuvE52B7rvWK9hqjZLmK5tAeF,Sh,0.02596996,['btc'],0.261
1MkCDCzHpBsYQivp8MxjY5AkTGG1f2baoe,Sh,9363.944306,['btc'],0.261
1N8L17Z7D6bBCWkSKABDf2qqJNHT1R9fv7,Sh,2.20704746,['btc'],0.261
1NibfhHfgA857dtG6pB25Y5hDcxpDo2J47,Sh,266.5044585,['btc'],0.261
39Veq3MXEGuJWT4ZFn6Lyzkg4dxrwysJ1X,Sh,0.008,['hacking'],0.261
3DQHvpvU7E1XfjnjfE1McMWkVH4gxx3nAg,Sh,0.00021,['market'],0.261
3E9PjqCWYUQSjqnMjDURTfADbwioPdfWoQ,Sh,0.181484,['btc'],0.261
3M786ekazVn5ayQhdZuFfP3wBVpiAmyrHw,Sh,0.01371001,['btc'],0.261
3QxQ4LqwnQXqdmBx8TSEtUwU6RvFrXNoKt,Sh,0.03044983,['hacking'],0.261
bc1qlmlrk4ak79h4uclcmd9yus0x505qzq7w2mcv3v,Sh,0.00013177,['gamble'],0.261
3HLoqZGprzsqLwXAPEE3MuBRrGsM32uomS,Sh,0.00002627,['gun'],0.256
bc1q6p9jkwvhh47vekswdu2vwpvnjq2dc8ha6ns63f,Sh,0.00002631,['gun'],0.256
1BpGcWhtQztXNwUsu3aRXY7shG2vJp2oZy,Sh,0.11691678,['btc'],0.236
1M4PnboZ7u2erDzAq3oek1G3XqAZPCVrvh,Sh,0.00984,['btc'],0.236
13tA13p2AfYtmiFgA6LubEYnRRseCcrMEC,Sh,0.73743252,['btc'],0.231
13uB83M9M14NvJHk7Uc8m2DvZJh7tLVFno,Sh,0.03432837,['btc'],0.231
13w2h6FH298Q148dF4fdTobddBsJTtfdCM,Sh,0.1319792,['btc'],0.231
14REpMwSnanTJy4RaqkGPhA9zCYgmotA4q,Sh,0.17601,['btc'],0.231
15zL9itESiTipSxkvdQGMbyfzKArzTfkv5,Sh,0.06727065,['btc'],0.231
17UJSmZbhP7RUyipK1Ln697QepAJEnnEEs,Sh,39.72158444,['btc'],0.231
18Q6oyevJneGf37g1q6qM3Gt8uYoJFWvy4,Sh,44.39762895,['btc'],0.231
18SaQfmCmsvCEm8donHJ8AepvQajbkpzuq,Sh,1.30369981,['btc'],0.231
1AYPM1d1DZQ9HVKtytDuhx9rTB8g7bGKss,Sh,0.1601533,['btc'],0.231
1ByQKSEDivZXgeM77zCPwDjsupnkc46bKp,Sh,3.32987072,['btc'],0.231
1DHyfH5mqgTM91nMiB8SWZvDdsfrp8jrBA,Sh,0.031453,['btc'],0.231
1DjBPGSvoTwHqbkjFNNkKYoth2ZpXizTJM,Sh,0.02857827,['btc'],0.231
1DKmpXaAiiyeSgk8aZtewioLJaiEFDnvoR,Sh,2.38328877,['btc'],0.231
1GfgR199UYTUd7swKjomMCvFJwyjVx9Dsz,Sh,0.0128859,['btc'],0.231
1J71m5scrF413RETEgbDpXcjnCh3L5LiAY,Sh,0.05654856,['btc'],0.231
1KHwtS5mn7NMUm7Ls7Y1XwxLqMriLdaGbX,Sh,1098910.053,['btc'],0.231
1Mkcbq7wqYoWaXbNZ5TkwRty8H6CjVUXpD,Sh,166.4940815,['btc'],0.231
1P5DkqA5aPN8f2YuyZ6avcijvFgU9utYYz,Sh,100.6419876,['btc'],0.231
1PMa99wShY6yvjTZ4WBdJ7JxJzGCJF1La7,Sh,0.32603294,['btc'],0.231
31tm4rxXVW3GyQSAVmDbr3mk7LHmbUHzTh,Sh,29.61074811,['btc'],0.231
32zrfMcYch8tDnNofrACR817BqqG9gKrkT,Sh,73.61342596,['btc'],0.231
33KmR4PXZevfajZVuPrUpn8XFHwTVupi58,Sh,38.82514086,['btc'],0.231
33uJMBkBsrqaeDWiHdzxYP5NfPGixyT9y5,Sh,0.0431116,['btc'],0.231
347rinjbwfGfQh5vL9M6YE5copa4GwTGjb,Sh,0.02310483,['btc'],0.231
351SwFn69ra1W8uYDLgkB6HkXLSsjjb7w3,Sh,51.28808697,['btc'],0.231
36VMNhEUaLwV3vfs4j2TpqHm6gFnkF6Ltj,Sh,6.02107822,['btc'],0.231
36XWTfSYJJz3WSNPZVZ3q3aa5eFuJHR9nu,Sh,60000.63363,['btc'],0.231
37CEbX6uMJUC5MHtzzBKsuyDeZUL2wFRBe,Sh,6932.461,['btc'],0.231
37k8jGfCxdbAhdmm5FRXC7zdEXTKpgviSe,Sh,0.01214688,['btc'],0.231
385oN9WLfWLCvuEi3QZx1yoh2njpVc6vsw,Sh,0.4303849,['btc'],0.231
39EfkVumFZcsmE5kfgGqCASNZpW8f1aLJS,Sh,0.04126552,['btc'],0.231
3AYemDmRP2bgEx1yZn7H5AStRHt8Qdgoih,Sh,0.0100509,['btc'],0.231
3B92vUoU9bpSpNCj8mtW7FNwyxt3vy5Wnt,Sh,0.025,['btc'],0.231
3BaYUXXL2suwQB2M8SGXijmwQ9WdRs16rZ,Sh,0.0639,['btc'],0.231
3BEyNacdmLkdH5ef4wdVCWFmdwvKu1a6Lw,Sh,0.05828369,['btc'],0.231
3DEBSYbq9rgRTpGA3s8MWMgemF7Hwa37k5,Sh,76.86040671,['btc'],0.231
3Ed1TkEcJ7qSyzxrmBeCqf1AAbnLxoAXir,Sh,0.1,['btc'],0.231
3FWYbSUSHVUE9wQMBUdkYgN1C9BN7PhUgN,Sh,4.83071434,['btc'],0.231
3Ga9bkKiF91UXKESmkqMqTB5z6VFp7k1ut,Sh,0.13310567,['btc'],0.231
3JCAnUHJftHgm9jAnfhBWC3wK7kyE9URxS,Sh,1.79974775,['btc'],0.231
3Kzh9qAqVWQhEsfQz7zEQL1EuSx5tyNLNS,Sh,1064566.29,['btc'],0.231
3LszZ3nZQGvTDJUWPuVJhyS4fD5r93na8B,Sh,0.02007185,['btc'],0.231
3N7qoRjmgZUvzqqLUuXAZRhKYCsWM9C1nz,Sh,0.13235905,['btc'],0.231
3Nid5tncoBDAjY6bVnrB1RDQAqPFPT3TpV,Sh,0.61995748,['btc'],0.231
3PhwZEKHWAsAsQ7q96jNg2eaoaQao7n4Nx,Sh,0.05975134,['btc'],0.231
3Pvmxw9ZgqgV6yjuBDMjA3s2RZChG1o3uT,Sh,4.33405407,['btc'],0.231
3R2CSZ9LRPBHTZKjvz8a7yhNSQfne1agUH,Sh,0.043598,['btc'],0.231
bc1q2nyz46khuja703yqdjqs9ay3ykjgh2j5ykqdwg,Sh,0.0603857,['btc'],0.231
bc1q6v25zgl4q7u54aj4rav7h2u75xz3z6nk4vndr0,Sh,4.72592305,['btc'],0.231
bc1q7dzvez25t63s0s42qp643y95xfcnp7qnygmwr5,Sh,0.0603857,['btc'],0.231
bc1q7jqupwheaw0wn8xcxtc4nvygfxz78zur9u7jtw,Sh,0.52739123,['btc'],0.231
bc1q9rt92e3t05c9x38e392acfwu4p9edu73kzzhjj,Sh,0.0603857,['btc'],0.231
bc1qc9phk7evupa7rqk5tcjrnjjdmlauemkfrg2z5a,Sh,0.0600657,['btc'],0.231
bc1qg6m3c5ar9t64k35zq20zs2rmrt8wmmt5uypkvk,Sh,0.28776007,['btc'],0.231
bc1qgfkl3n5uyppd7exwu4asmscznheqxzj6kfc2fe,Sh,0.43722186,['btc'],0.231
bc1qgpydyjkwyzp9qekauet9qaqwx48630np4rva9x,Sh,5.92435978,['btc'],0.231
bc1qhe83pmyecj4pnxau5ulmnz00x77e49q8g5telx,Sh,0.295,['btc'],0.231
bc1qhuk28affn38fw96yz43sc2glcvh3yt8h0t8ptn,Sh,0.34603384,['btc'],0.231
bc1qj59thcadrst7krdklk06sr50v6hu2e2u7k4ye9,Sh,0.0600657,['btc'],0.231
bc1qjamtqhjeyrskldxqc97e2gmcchac9x52sgd66t,Sh,1.04735,['btc'],0.231
bc1qjdp2hkg06d7qgqy0vydsdc549przqrnyfmafyk,Sh,0.0600657,['btc'],0.231
bc1qjjepvhfretsmj3lr46qpszrytj6n8znjn3j8kv,Sh,0.051809,['btc'],0.231
bc1qmc5f7sxl5pz6spfet9fdzrp03596ppm6jlnn0e,Sh,0.03685817,['btc'],0.231
bc1qmr35hf8q0m7qqrxmy9jlru5cfl8v5usnn05tvr,Sh,14.28093783,['btc'],0.231
bc1qqe9rt4ekhf2t2gcw3khy333rqqvp3u8kna8u67,Sh,0.10236608,['btc'],0.231
bc1qqhyvx5ynz55fnal376y8j2ae3j0zhvzaq3cd7s,Sh,0.1201457,['btc'],0.231
bc1qwcjy0ntzdgacwe2qmvgdfj606rwycvyfn5f60p,Sh,0.0371417,['btc'],0.231
bc1qwxpcs9dkfkg5pyp6usuddmzztvm8vm30f6ahqe,Sh,0.56116659,['btc'],0.231
bc1qwzlk08kcqec6vdgz0rlwchhsp5r84zpqfay8ds,Sh,0.03452793,['btc'],0.231
bc1qzylsyrverxt0q2vmdzgd03q782nj27up3k5w3j,Sh,0.63082488,['btc'],0.231
12cgpFdJViXbwHbhrA3TuW1EGnL25Zqc3P,Sh,5137554.686,['btc'],0.15
12gZu1fqRbxUEamrzXC37wtUU3WLMKMWFd,Sh,0.9986,['btc'],0.15
12H7iKz2jWvoHrwEJn3rczJoofqrNqYnmV,Sh,0.33509,['btc'],0.15
12ie6iDXeyBcyjSgdrs8Jo5eUbHg4r2N7Q,Sh,15.99100158,['btc'],0.15
12P772pqFbabrXJpHHNb6aucf2dXdFUySi,Sh,3.7613,['btc'],0.15
12sWjNGJeRQ4cyahZHjGU4z9FpQCaewm6n,Sh,0.381612,['btc'],0.15
12zWdJcSMRVMUyC6DF392petoMH7UX6DN9,Sh,0.00049766,['hacking'],0.15
135ChmqpkQJ2Y5rnkv8MHWWkeoVNyn2ibF,Sh,10.24338,['btc'],0.15
136fd6JaARNbQdf8qEGHDLQ3wT1qMA38x3,Sh,0.47672,['btc'],0.15
1395jg4VDn4R6YZFu1K1mchcsChq6fEkGF,Sh,0.271472,['btc'],0.15
13C61Cohxz2us9FE19rMK6GpGp4boGsLms,Sh,0.5648,['btc'],0.15
13etxh13W7coes7TpbW9zdkCKqDd43G8Kt,Sh,0.5613,['btc'],0.15
13ETYTGFUy42AMYKsm5QwAghuCsyNRcETW,Sh,0.94393,['btc'],0.15
13paZEB7fyjKyKWBT2Tgewjv6aTzgUA8bw,Sh,0.9982,['btc'],0.15
13PyH3FcR6cJDQMRZ1XRUcqDRFEWGQznu7,Sh,0.00117638,['porn'],0.15
13v4W2qVXekjJFxeqA8BdPL17mGMWxidC1,Sh,0.12548624,['btc'],0.15
13xtJ6hLTkKy6sQxi532smpnJPebDNbMHA,Sh,0.25645,['btc'],0.15
13Y5f6TZDY27np4qEn7qNMEpLavBmXTPLj,Sh,0.9979,['btc'],0.15
14Hf9mjGXBNetpG9QeS3XZpWmd6dVxoajb,Sh,0.709814,['btc'],0.15
14mYcyQVwizZJGrzqnJwNbEj6rYqkfNmfW,Sh,0.50793,['btc'],0.15
14URAPrbzbUF5WFbNPyv4nLPVRrQgHtTwR,Sh,0.00344327,['btc'],0.15
153ZvGmK3kGaJdVJzfMEtbamCVoxCrF1YU,Sh,0.00620286,['btc'],0.15
157FXwtVwtqDhZrUFEAGZARbAzzzKzMitR,Sh,0.70601,['btc'],0.15
15b3XxgQqxyBRi1fYtdzrUwy8TLuBN9Sw2,Sh,0.99808,['btc'],0.15
15Dtkqjy7FQxzH42Bjd1AC6iuaB8oyKqat,Sh,49.94014893,['btc'],0.15
15gaqHsKJAN495pN5aUKWXiBZCCP3W82Z6,Sh,0.9467,['btc'],0.15
15qE69et45hUjiFsDLkuBETW1mqS2tqfA3,Sh,0.29955,['btc'],0.15
15ubjFzmWVvj3TqcpJ1bSsb8joJ6gF6dZa,Sh,50.00001682,['btc'],0.15
15UjLmzhqTDdcm3Epidt3SqVE25cQXnjWL,Sh,0.00001,['btc'],0.15
15v1JH79f6d584a7GBVntsNXkZz9nnje5x,Sh,0.24159,['btc'],0.15
15VF3MsCzjHmFQ3wK3SMrTEBTmFY8zhJnU,Sh,50.00001682,['btc'],0.15
15yN7NPEpu82sHhB6TzCW5z5aXoamiKeGy,Sh,50.00061135,['btc'],0.15
16asJuZD36gbwwQdp9VeUztno5r96WcdX5,Sh,0.272059,['btc'],0.15
16bo8EmUnLJAmtDNavgcs1BQ5rU4YcR9UC,Sh,50.00798769,['btc'],0.15
16iXK2YazT6UvpZuTJgcezY5AE3Bf7AMsZ,Sh,0.85182,['btc'],0.15
16kktFTqsruEfPPphW4YgjktRF28iT8Dby,Sh,50.00001682,['btc'],0.15
16qZLyn2zFdbgnRku1qnHLiNo4BbERyeJj,Sh,0.70258,['btc'],0.15
16Sd4rXbu9Ni3EjdLscQxHrjt4DEDMcBRg,Sh,0.592,['btc'],0.15
16XyU9DdFPPwfJAh63477gjMWJWJk7Qe47,Sh,1.0256,['btc'],0.15
17abzUBJr7cnqfnxnmznn8W38s9f9EoXiq,Sh,50.00101682,['btc'],0.15
17bqkPW21QhRUBcUQiy3C99ZC6L52Utu1b,Sh,2.05399902,['btc'],0.15
17bTr1vQnzRLCYyxtT7RHWevoJQWhAMQGM,Sh,1.99043749,['btc'],0.15
17J5a6v8iJm52FjEHAs4ZhQKJMWqTgC2Dp,Sh,1.9,['btc'],0.15
17LuWeapNyLUDvYNoLoANPtRJUZtgztXnw,Sh,0.6042,['btc'],0.15
17StTksWBtLLB3SXHoXRy993vrv4T2tW3q,Sh,0.7308,['btc'],0.15
17uAWEzsnBnuewU2TRYFvGdft5SMz9buTk,Sh,0.56394,['btc'],0.15
17x23dNjXJLzGMev6R63uyRhMWP1VHawKc,Sh,50.00001682,['btc'],0.15
17Y94f6jJhxQqNSBoyHpxeQAvrc48oR49f,Sh,0.242137,['btc'],0.15
18jANvQ6AuVGJnea4EhmXiAf6bHR5qKjPB,Sh,80.99098222,['btc'],0.15
18jWdr8vovW5iKjNrHQkAnAXCd4Q8GyV7a,Sh,0.256337,['btc'],0.15
18rJhvj79ie4uoQNvkjjbpyDGhCqoQiDiw,Sh,0.70352,['btc'],0.15
18Rmu1YYHQWfmAm86K6XKhRYu4WikkKFzh,Sh,0.24159,['btc'],0.15
18SJUGrgoFFPftePMpfy5cUEugc7VzG3xB,Sh,0.272558,['btc'],0.15
18u1DwoXPRA7h829i9uKpNZrLMLwihGxNo,Sh,0.383131,['btc'],0.15
192xaL1sDpjr2VCJWr3zK1G2PaVcJc6ZgD,Sh,0.592,['btc'],0.15
196u5D78GEA4bKQPqTJFeYjmg6buj11h62,Sh,0.272107,['btc'],0.15
1996bACjFLE3RpcJFvSbuquwKjdpDmF4Xo,Sh,0.01314842,['porn'],0.15
19Eu2i5Cxmi1yj2DNQ7xDtWytJpmZ1Di4z,Sh,0.9982,['btc'],0.15
19GfKbMUmMPKeEPHuJG6nNkbWXK9Z8i7HG,Sh,0.612833,['btc'],0.15
19gqkRcpd1fmj28buNnk7QQL9jWcBjorSV,Sh,0.848408,['btc'],0.15
19qKSCtUTAHGb9LJrA68zpuHzTkRUxgGdR,Sh,2.36314942,['btc'],0.15
19RTuMMBzF3M5trWixwdfpDqeK6f4x1FZB,Sh,3.22716416,['btc'],0.15
1AaVq6Lxe78ZT4m7TmeCyW3sf8doV65QAf,Sh,0.68915,['btc'],0.15
1AgxvxxSj3smhyQVHrz6ZCqxdesjX8TDG6,Sh,0.84532,['btc'],0.15
1AkviAGJ6NqBncZiFDknCJjJ6wyCVgHbJx,Sh,1.77686794,['btc'],0.15
1AkzSFqAX7RjSgDBvQParhtwXatbTLu3WY,Sh,0.0075,['porn'],0.15
1AqC4PhwYf7QAyGBhThcyQCKHJyyyLyAwc,Sh,50.00002817,['btc'],0.15
1Au8zXRxjdpLr3wDr8taN2H1cL1JdGURjM,Sh,0.01671508,['btc'],0.15
1AUkiugoABbPNmyxdGrjNEKTSAk5bswAVM,Sh,0.00621729,['btc'],0.15
1B3edDqPMHGnfNHnffawD3pYtfvkm1NqKe,Sh,0.29955,['btc'],0.15
1BGTJuZfj1dNTMpiirYR3uz57go6haJgaX,Sh,0.240529,['btc'],0.15
1BhjeQnS561vFE43e8YRbaRz98jciZBEbW,Sh,0.33568,['btc'],0.15
1BKx88Aim6qaoWzEvjhTGKUpPdkr4kHFF5,Sh,0.6042,['btc'],0.15
1Bmm31RKs2CgvfueBoKLP72Zj2sCnQzsHh,Sh,0.256348,['btc'],0.15
1BrBATzvSYz8LHbNRQVvTqAWfggeoQigcE,Sh,0.72803,['btc'],0.15
1Bs5sBuXj54r2QVegC2gmiZSdwjWf4ho2P,Sh,0.592,['btc'],0.15
1BsymJxZs3JAUF2jFeRDAQ2JVLg594QK4N,Sh,0.9395,['btc'],0.15
1BTsxjF9rXtFvUZ2UFditbeUpohGgKCxUt,Sh,50.00030088,['btc'],0.15
1BUDCxnAcCb8YatRNyhVftVCkzsteb8YyM,Sh,0.603607,['btc'],0.15
1Bvk9AABBSjhd4EGrUwSdrvwq7zASJ6ms1,Sh,0.9986,['btc'],0.15
1Bw7RG9a19SjCNszmXQZhBwe1gEj4Vb2JZ,Sh,50.00002365,['btc'],0.15
1By5MSeCMyVSxt1YnywH3JiVpJ5P4uWQW3,Sh,0.997587,['btc'],0.15
1C5tHvHrmDLK2NwMMGbT8GhG5iXB6Ukoaw,Sh,1.25735867,['btc'],0.15
1CB7sAF1LCDesP3R9FThEntG82WrGQctTP,Sh,0.22,['btc'],0.15
1CerpQzD9mp9nw7ESQr2CKnvdYo9sAwDGy,Sh,0.13980979,['btc'],0.15
1Cjcu2icnH5UMqPRuJSh1cy65i543e1K49,Sh,0.64262,['btc'],0.15
1CPuyXCNe7AvKGW8XEMasaBkP25HJneq5f,Sh,0.69268,['btc'],0.15
1Cw1GJgioPrCHfgfS8MhjjHipMkR5eczX8,Sh,1.01714,['btc'],0.15
1CYG7y3fukVLdobqgUtbknwWKUZ5p1HVmV,Sh,50.03577588,['btc'],0.15
1DF8f6UtC1xqyV2ysqx3qQcRViAm5CUqew,Sh,0.5894,['btc'],0.15
1DJkjSqW9cX9XWdU71WX3Aw6s6Mk4C3TtN,Sh,50.00003588,['btc'],0.15
1DmKBaveG8iQA7nTGpRQ1bf8cJ7zqSMCjJ,Sh,50.00070708,['btc'],0.15
1Dmu95VaVfkKNbhNA27QmNWjt115zn7sA2,Sh,0.2065,['btc'],0.15
1DmyZueYaeYASXXNDbvKHWd77e5zrxEvhJ,Sh,0.708955,['btc'],0.15
1DnM87z6kuyjojKzeEAKMqaneVGFsKuodP,Sh,0.28634683,['market'],0.15
1DpJP16GXSht3hJ5DZDumKcwAFqQQVkffN,Sh,50.00002776,['btc'],0.15
1DpSDwF12wX5ogkS2HXabT7iWtCkAqJD9k,Sh,50.00002776,['btc'],0.15
1E21K9hWnccjaFigFqhR6jx7cXE8wyM928,Sh,0.855813,['btc'],0.15
1E87cVPLZ938w7vYEA1e9RWSc8mESPA3J5,Sh,198.0041244,['btc'],0.15
1E8JwQa16VjiRtpeLb5AgzNYJGP5JWTWDA,Sh,0.00116303,['hacking'],0.15
1EEqRvnS7XqMoXDcaGL7bLS3hzZi1qUZm1,Sh,1642818.221,['btc'],0.15
1EiioKuH5jwNUACmzAy49gv3XWVKyNTDC9,Sh,8.34433898,['btc'],0.15
1EkRmnQKLBQCe6G3pUJzdiUnYuR4kJz7Rn,Sh,1.8,['btc'],0.15
1ELNuHFVm3v7MsaRUbUT86BGCEggtrmEyi,Sh,0.73089152,['btc'],0.15
1EmYgjh3AUrdaGR9tMsp3XDqKyhrFW1zD8,Sh,0.6047,['btc'],0.15
1EZeYuLR2ugK8sk4XeDVcyNGBT7sGPDrNb,Sh,31.6300058,['btc'],0.15
1F1eSRB9hUucpifaFLHMS6vnZERziaL6Ke,Sh,0.24228,['btc'],0.15
1F8X4tyBDcRNDLynHyr8EPMztUy8i3hxYD,Sh,0.70718,['btc'],0.15
1FeUjojB5Pmbx9SjufQaLAYhrVHb5Kd4dV,Sh,0.94352,['btc'],0.15
1Fi7o3BKMcT82NVtnMRNqsj8aE5CWbAo4z,Sh,50.00300369,['btc'],0.15
1FvvjUxvpMHv48E3ejiRwwpKh5Z7hB1jRE,Sh,0.70942,['btc'],0.15
1FvzCLoTPGANNjWoUo6jUGuAG3wg1w4YjR,Sh,50.00533182,['btc'],0.15
1G43MvhzCqRz1ctsQUmgU4LgLuSVdfU557,Sh,50.00002776,['btc'],0.15
1GBo9n3o4w3Zmo82inhjRi532ozdyTo9Lo,Sh,0.714411,['btc'],0.15
1GbWQa26MuDTrenX8jfJhcp55TA1Sf2423,Sh,0.5894,['btc'],0.15
1GFNyyZvqwWmA5rzNKoNYux9xjWHmZsuqp,Sh,0.9979,['btc'],0.15
1GkQmKAmHtNfnD3LHhTkewJxKHVSta4m2a,Sh,50.00028421,['btc'],0.15
1GoN1yBJn59Ge2T7sLREzjtmBRLu6uKL8e,Sh,0.85182,['btc'],0.15
1GsQVCj2HmxJsgVEz68BbzFQfTfUJPSsCN,Sh,0.70259,['btc'],0.15
1H3m4sB1Dj8V18a3NfFVwmbvpNxFfv4YTX,Sh,0.946192,['btc'],0.15
1H77TNSpWc8kZjJB7ZyKCCaQV793Xy33du,Sh,0.33568,['btc'],0.15
1HbwfHxoW4NPR6XZjLWEHwpoTm54mF2nAk,Sh,0.593774,['btc'],0.15
1HDADgduAEnPwdjqu59293U91h1ehum6wq,Sh,0.24194,['btc'],0.15
1HfyR2SZMVFHgzoQRpiim8vH2znhzqW4o7,Sh,556.7714429,['btc'],0.15
1HiX3bXrjqurpRoy9jKYmEDnnjQYwyGSGU,Sh,2.24985,['btc'],0.15
1HLMk7w1UPXcPNRbnr3mFLLNA2ToWD4PNC,Sh,8.9959,['btc'],0.15
1HZKjWK4CGdwwqkF8tVSAUjqE7eCKy9RNL,Sh,0.00344547,['market'],0.15
1J6PYEzr4CUoGbnXrELyHszoTSz3wCsCaj,Sh,50.00002776,['btc'],0.15
1JEePSC5TMKV2YeVrJPfw8E11izSk7VoaA,Sh,0.69302,['btc'],0.15
1Jeg174fnj4LjXrLByPBXpNwC3qSZWPM7Z,Sh,0.29955,['btc'],0.15
1JfbZRwdDHKZmuiZgYArJZhcuuzuw2HuMu,Sh,50.00503919,['btc'],0.15
1JgYkX74Z64a6KA5nfpiixACvy1mUjhLfg,Sh,0.686809,['btc'],0.15
1JqPFnGPhHhy54zJKmC1MPiczzgFjCmzE9,Sh,340.0028374,['btc'],0.15
1JXLFv719ec3bzTXaSq7vqRFS634LErtJu,Sh,50.00041828,['btc'],0.15
1JYuvzXgVdZhMdkry7nD5GbA6RFMpTveVy,Sh,0.378015,['btc'],0.15
1JzfE8VimNLbRLnKmLeGBSUfNwe2XFv3eN,Sh,0.2065,['btc'],0.15
1K7xz8YskVvRduRmn4wt9wZQujhN1zCd3x,Sh,0.7129,['btc'],0.15
1KDnp5D9sEUNGFY2z4JiKhwfbm7zqYp4Bz,Sh,50.00002776,['btc'],0.15
1KDUcZh5Z6H1of4Pwoy5ojJtkQxcQBHhnH,Sh,8.50023481,['btc'],0.15
1Kg348V25eM6jepWQbTvUd3vDVzSHFCvuo,Sh,0.47812,['btc'],0.15
1KistAhFAF9utacygP3kiysyjWMRTDm4uV,Sh,0.43,['btc'],0.15
1KtneEwEmLWToj7ipTntmpHg7uhsnM9WCY,Sh,0.13238436,['btc'],0.15
1Kv87Ab8Sx4PxfomSecL3j5SSVAQWpMnv1,Sh,0.7155,['btc'],0.15
1KzvBTUbdwNBXiTkzr1msFUtPf7Vu2zLiu,Sh,50.06752548,['btc'],0.15
1KzzmxRxSvgMKzFDqirq3LrN9a9r1iMpJ9,Sh,0.00001594,['porn'],0.15
1L7CJ5GD6BHLCUf1JB7wQm6tECrEj8KWrY,Sh,0.6047,['btc'],0.15
1LbX1WufGbKJG4qFu65icgBa9AebsszDVV,Sh,1.7129,['btc'],0.15
1LDU2VtZZ64hA96ASTbVi4czAdYccWUqJ8,Sh,0.24038,['btc'],0.15
1Lh6YwgR7w3DjpSDW7j1Wh6fopoeJ1B7g8,Sh,0.9467,['btc'],0.15
1LPBetDzQ3cYwqQepg4teFwR7FnR1TkMCM,Sh,50.00002135,['btc'],0.15
1LzoBZHo6wQ392o9iU23TVaZmn2osGHZwv,Sh,0.59028,['btc'],0.15
1M8tPnur3Gp4inTAmS9mqUZ1ycyLxqvh6p,Sh,0.25290357,['btc'],0.15
1MakN6jJQMQT6vZArXTm3HGYFB9Cpu3zzU,Sh,0.6175,['btc'],0.15
1MbbEjUaWdsCrWU8bAbqPjnGvhPj52hexS,Sh,0.69302,['btc'],0.15
1MKRkcXG7cUb83EGNjK5TSHcKgVjVMTou5,Sh,50.00003247,['btc'],0.15
1MmYHhQR6DnxSaKCnFdH56yGKV8U2vFBt8,Sh,1.1998972,['btc'],0.15
1MQSzhuBpSjoXFYaLb5fRksw3PfDpZQ3dx,Sh,1.0039,['btc'],0.15
1MXJVvb6hJuTjR5E9pAFVyuEQYZYm19Gzp,Sh,0.299956,['btc'],0.15
1NDyJtNTjmwk5xPNhjgAMu4HDHigtobu1s,Sh,15654675.87,['btc'],0.15
1NG5AJd62dfheFWa2EKxorMv23H4qGku5n,Sh,0.00247357,['porn'],0.15
1NHHWnZKTetjZZfAbVjTS9EHQafdH6xn8a,Sh,50.00001682,['btc'],0.15
1Nob7KQ4avTPy1PL52C7fM2EGPue7JZP6n,Sh,0.382632,['btc'],0.15
1NXBDwEzfvK5fCcDRU4psR5GqsxQvHwbNS,Sh,0.02588946,['btc'],0.15
1P9VmZogiic8d5ZUVZofrdtzXgtpbG9fop,Sh,50.00001682,['btc'],0.15
1PHB5i7JMEZCKvcjYSQXPbi5oSK8DoJucS,Sh,50.00001682,['btc'],0.15
1PLEoWgVLFSMaHh2QPGhqBokrkiKTRw21q,Sh,0.72803,['btc'],0.15
1PTDQKEkTNwumzFpYLEwUeXHHRKtWaRQqr,Sh,0.4751,['btc'],0.15
1PYELM7jXHy5HhatbXGXfRpGrgMMxmpobu,Sh,50.06114442,['btc'],0.15
31q5juCrpQHJv2jMEsHg3MfNndXKnPzbcK,Sh,0.592,['btc'],0.15
326RenbyPsLnnyJMiewTcXAzDz7sRQujMF,Sh,1.026,['btc'],0.15
32ccbbdrdcXLN88DBHs9rJdckdZNFSWZas,Sh,0.33568,['btc'],0.15
33d84GpDhSVvMfKxuzN9eL9YWaTYAMcAFR,Sh,0.9986,['btc'],0.15
33JANipHLxFJpZSApkKdZRYXfrQ5qAPemx,Sh,0.3,['btc'],0.15
33WATCC85Rv87LHoSxyh7x3HqxyZPtpnme,Sh,1.95415742,['btc'],0.15
3479ZszmPPc6KSJo3BB2Bu4HiMpoLqmWWS,Sh,1.80770637,['btc'],0.15
34AdaCzGaqPPo2Xg9XTEZLNSW3joYxoa3R,Sh,0.6166,['btc'],0.15
34xbvyfWP3WAzEN84v48vF4wvsHgXLmWXj,Sh,0.728866,['btc'],0.15
355JLkWRHszX9FLbwZxEP7evjA2JjvdbYL,Sh,0.50793,['btc'],0.15
35hfKnm7YhWALsb7cq8vozrpWgbcJ3tqWX,Sh,0.29955,['btc'],0.15
35N5wjbHG1bFwfV5AqDqK767c3jEiyeSiW,Sh,0.75241704,['btc'],0.15
35QYPww4H7LVwY3Z8zyDePRsJje4X2xNqb,Sh,0.6175,['btc'],0.15
35t7zpidSHWEKwohjVmV1w8vhhCBMd8LSH,Sh,0.592,['btc'],0.15
35tAZDpafGEUpn9aq2F1tSgmTBPnSmi79L,Sh,0.1454797,['btc'],0.15
35VKcyxajeMWw3wsm5GN6SSnfGJ3sqKKtq,Sh,0.591389,['btc'],0.15
36hgRpx8EMBuEGQ5T4NKt72z9WJBYtWkja,Sh,0.9982,['btc'],0.15
36wp33wctHPPZNt9eJ7WvUFCuJEdbHVRXs,Sh,0.592,['btc'],0.15
37oSF65hPrcWbJdTLAq3TV6RvCcaLZh5jX,Sh,0.44944765,['btc'],0.15
37SSm944Lm4esh6EAUHNiPXSrt6aupyUJu,Sh,0.3352,['btc'],0.15
37WH6Fa9RY1Xx82V7pZ5GgiNezzbioGKKK,Sh,99.062471,['btc'],0.15
37zF62aqfttopF9BqqDp1W3CD2DtLV5Ue4,Sh,0.708216,['btc'],0.15
38dhGoYTe78Wwgex29t51XjcrtaT71xJZF,Sh,0.2065,['btc'],0.15
395NivX3jPEu3i85urf6bthhXtYbPSTwKC,Sh,0.71287,['btc'],0.15
39PF2XgyJ7jCF5u7JyTyxJH46xzNifrhnW,Sh,2,['btc'],0.15
39uhNfnyAUkbMRmy6uMFb4d2dEtqBiHjdY,Sh,0.9395,['btc'],0.15
3A597xjFoeWCoXwNiukejnmmZacmaLiena,Sh,0.47534,['btc'],0.15
3B2YfNqUpUUXwmCfScFhGQT3xteFcBepgJ,Sh,0.36373826,['btc'],0.15
3BD6m6qHRJdkuxXe3BLiZLPZ14HtNMKBjz,Sh,0.25645,['btc'],0.15
3BG3qDj368mgKbnigiUGmqjFZmb1U9r6Vu,Sh,0.9979,['btc'],0.15
3BusZ34ZnY28GtUsum7nDbcC3YsF8Jcsn6,Sh,0.5087,['btc'],0.15
3BwmMd4h78Rt8Lix3pAddKVmUM5oCXKR6g,Sh,0.9979,['btc'],0.15
3Cd5WVNCyfJgoGh86s8QLRWF5V4YDPdVU2,Sh,0.0026,['btc'],0.15
3ChuEpeUhUiD3uKBuKJ5mEbSyjK13KjLLz,Sh,1.5,['btc'],0.15
3CKCsPZCDG4R8V9ReGhJ8m9kcRFJDtTuZ5,Sh,0.47693,['btc'],0.15
3CMKNAxUFGgeTgWZ62BtfAysMVFePPHMBT,Sh,1.9538,['btc'],0.15
3CYaam6fBDjsuE9kGTrtkq9FzPg4SSWCeb,Sh,0.730194,['btc'],0.15
3D5AP5F1RG7mAbVwhpe5AwDAVdSQuFBuAv,Sh,0.8179,['btc'],0.15
3DbDsbLBfjWMe2NBH54KCUqg8ud8tdoo9T,Sh,0.9395,['btc'],0.15
3Dcs64vKfvGbKaB8sebfM9bLuk7hT72BV8,Sh,50.00001094,['btc'],0.15
3Dr27Kkwz3NhvengEZ7YE5pSeVRY4Xm8Aq,Sh,0.6896,['btc'],0.15
3DxzMq7z232AFpddg35uunCTwNWptSKPp2,Sh,0.24159,['btc'],0.15
3EW3VT6NZgJZUTaJF9zR3j2QgZsy8kHQM7,Sh,0.23011,['btc'],0.15
3FD66QEqp5k9XruCzeFXaEtSfepBijGb6E,Sh,0.592,['btc'],0.15
3G95Q55kQtPggMxFLCn2Z3qJAkK9ww28kv,Sh,0.214311,['btc'],0.15
3Ge8wVngiSNtVzTxSxBztd8JpVjPf6usSo,Sh,0.25675,['btc'],0.15
3GmHGvqRmiPePAKWZbMr49FbMRD8he8vEW,Sh,0.686974,['btc'],0.15
3GnjR2yizWva7sCT3aRxXmm5RZBUaAZasP,Sh,1.78450075,['btc'],0.15
3GYBquowYJ3fP1npXoq3mVeZvEDRSKLGvC,Sh,0.0003192,['btc'],0.15
3GyzyPg5RRbmTEwMZzACXXds1tmcr1f3Wq,Sh,0.2,['btc'],0.15
3H5sLWSBx4trMPATT7w6JdYRxvEW6X77uY,Sh,0.846753,['btc'],0.15
3H6h9Q4pKqGeHvqda8cuWkvvfTV8UwW1ra,Sh,0.73228,['btc'],0.15
3HRHCVPkJxwhYjRiRQCzkwmDxQuAVFeR89,Sh,0.6047,['btc'],0.15
3HyJjCVG5bfb6xbi2xbA3SDxDDDf5peeJN,Sh,0.9979,['btc'],0.15
3JfzDDJaiZRPVy5NqEj4FbNVzyVo5iC9BG,Sh,0.60133,['btc'],0.15
3JMY8QJVn94i7DAjgt5wT3hoif7EbxQfYp,Sh,0.6896,['btc'],0.15
3JwDQzKsvoz6woXcoYqT2vH954AraPPG3X,Sh,0.9986,['btc'],0.15
3L1p2tUHPwrRN3qgf4Hm1R73e29hFshbnp,Sh,35019.74717,['btc'],0.15
3LNBMDr4j3RUkJNeR7MPQCScxDghMfpVG5,Sh,0.995803,['btc'],0.15
3LYhwx8BJkVoVmZdkaxbQcyW5ZBVGJV5w4,Sh,0.7308,['btc'],0.15
3M5pRrEGEkq4anTLREnexHNCoUksX1aCKH,Sh,0.852756,['btc'],0.15
3MEYMbxs9xLTETGCyUQh2jVUXc1V9xPgJx,Sh,3.90764658,['btc'],0.15
3MfZXrcikyvrERNk6ecrTM4gZou8qXgCXr,Sh,0.9979,['btc'],0.15
3ML452gHAkinwaC18FYaxj19TVpvPcJPtU,Sh,0.99784,['btc'],0.15
3MNgBPYeeBi5KAZZG8EjRPs3irpP4aUEVE,Sh,0.15,['btc'],0.15
3Mop9Uwxij5HFPvhDseqspye9jGJCLYDAc,Sh,0.730345,['btc'],0.15
3MqbEGxnNUcJuuH8AL9yMdViM4oTNwdixs,Sh,0.27,['btc'],0.15
3MtSXRVNyrkainHrrC86ETW8CvziYWn4mG,Sh,0.69302,['btc'],0.15
3MUkFtmsgtSYEuMeErZWzhvKpUwBBAUKfw,Sh,0.9979,['btc'],0.15
3N6bAnmcHH1EG72AQqbjwZu7ogZjCGMgHS,Sh,0.6896,['btc'],0.15
3NCxnDmqpea6j3tZhL49oYhR7cVKQ13FVQ,Sh,0.695384,['btc'],0.15
3Njarxh2rJjvDR9vzrr4ScH62RPCZFvCSf,Sh,0.24159,['btc'],0.15
3NwiNbY6Y2RY7iF7vFDYEw5WEq94dTUgA3,Sh,0.70222,['btc'],0.15
3Pp9HQZxkExuyay13hAZwe35veHDuHCJzk,Sh,0.383024,['btc'],0.15
3PSEUZ68mwy8RpD3E1CKGXfubbUFwUBVRQ,Sh,0.60459,['btc'],0.15
3QHVQBXid5X7q2rEWA4vwRWPUt8ugMfusy,Sh,0.9986,['btc'],0.15
3QrPhE7ssixBGiyceKq5oL31Q3mqyoVuMR,Sh,0.184,['btc'],0.15
3QsxhMJpVbFsZogkcom9wbFMHEesWy9L2P,Sh,0.9982,['btc'],0.15
bc1q0zgt8lfgc5p8gz4rg76jkugj0duqtlfdps8zfv,Sh,103908.4567,['btc'],0.15
bc1q8lvdcqklry2tk25ejl9hkg0dr548d2m4w6ztzr,Sh,0.2506,['btc'],0.15
bc1q94np0hpflqdllwxtezn2mdslmuej42swrmjy52,Sh,1.2501358,['btc'],0.15
bc1qauqau6r67hc2cq8un43hhckhmxpsxy5q8hflce,Sh,0.00002608,['drugs'],0.15
bc1qcyn32rz9janz202euh28npv4q49tvllpdx5fku,Sh,5.00001438,['btc'],0.15
bc1qg4n5gftpkejycvptvag6wavfelkl6ps6t5ysvv,Sh,0.00131563,['btc'],0.15
bc1qjzsjjwpslqemt39taq42xtucplge7wxst2ym99,Sh,0.00031548,['market'],0.15
bc1ql3y03q3lwll94la4f600kuukl0m68a9d5lztyp,Sh,0.002998,['porn'],0.15
bc1ql59fplky40eukgmllc5586hm4e7lwxhwpnmx3q,Sh,0.11819816,['btc'],0.15
bc1qn3hkqfeq8tvjg8jnhatp497vds2k62pmhyql6y,Sh,0.00404852,['btc'],0.15
bc1qv9fwrdtz7z5jdhcgl7q8a4du027uwr3jsctczt,Sh,0.00443898,['btc'],0.15
bc1qx94nftn438v2zxcna0a0ec7ce5xsac68nd2jva,Sh,0.00032089,['btc'],0.15
121aeSSmPdctNzg8kmVGmmJVeGUTxKawMC,Sh,0.00500368,['btc'],0
121aZg6Ls6sAA2JuLdJ6khSyrQBBnrZza7,Sh,0.02203029,['btc'],0
124EXsMqDuYdczBoZyhbCy2AmvH1ereyb1,Sh,1355.185066,['btc'],0
127aS4ZmkzYYVPe2HKQ4t4YiUcwYC2dTkb,Sh,0.00575332,['btc'],0
127ttebfp1EjuMQ2Z75A6Gr127d38BtfuQ,Sh,0.00024925,['drugs'],0
12E8v69tao2N53Q3NvUhxkBkTJYBEsJD1i,Sh,0.00587106,['btc'],0
12ecmopRyYgGxLg73GUrbRWGWGyWg7uf9X,Sh,0.2348562,['btc'],0
12SH4rnbioaMaQ8UxDcNieiWaiGAia9Tzt,Sh,6.5364501,['btc'],0
12Usxw1K1nxjtirnC9riKRCG1NWryLYSMr,Sh,0.10356255,['btc'],0
12w14DxGPAbRq8ZcxMk9QUkBT3qMxZZRnE,Sh,0.49534533,['btc'],0
132dsYQQZxZDi8WZgNipWopvniMnQZBnXr,Sh,0.21693219,['btc'],0
13DDvdgqGvrPKowxPQ4699s1bvTSmcH8pc,Sh,0.00563,['btc'],0
13EYVbGzL8BGn7weRvnFrysxDsuQMtnCbp,Sh,0.00515009,['btc'],0
13uLg39h4fj3Ypruc6GRM5mXxxPFSXHNgS,Sh,0.0055174,['btc'],0
13v5wN3idhiNthbi7si4fso2GYNhjVRqpn,Sh,0.04476345,['porn'],0
13xDfXQuYCiN2ChU4pNWeqUK6oxBQgmhFY,Sh,0.00676,['btc'],0
148sbwsMq95z3yWeFF2ByNPnR7EWRdWvjH,Sh,0.00580717,['btc'],0
14CcL1Rmd21QuMRmdrA1jcN4KqskojsAV9,Sh,0.62378264,['btc'],0
14CyJdFCtmnc77ufE1WGowGBYbm7QLdwAu,Sh,0.32282349,['btc'],0
14i5513pJWF78oTqbfcAPRsjuWaYtra28r,Sh,0.005423,['btc'],0
14x8UBgYwqd4QkrPxG1BNu2j3j4saP2grF,Sh,5.187299,['btc'],0
152ry3nKqjyUueKfLFWc9z6wdCiAFoabNs,Sh,42.32229531,['btc'],0
156ETCDiKnXsHSF3YbAgBGAEpet1tKbT8x,Sh,3.65634754,['btc'],0
1585tTa2RVop1WAae4fYof6spAbDSVhPyP,Sh,0.005,['btc'],0
15B6BTTSewvTcCJakM97gCgoKXWVUyHCWN,Sh,21.75743551,['btc'],0
15DqxhQFQyCsamCL9oAzT5n9d8SKWFt88h,Sh,0.0738747,['btc'],0
1644uUqtncdgrWZvxChumpDyN4EdZzjgbV,Sh,0.00526898,['btc'],0
16FN2d77zBT6iqxdg7uQLqca9HvRCRVom5,Sh,0.00445012,['porn'],0
16vDYsa4Xc6VoshdwRTdGsV7fqpRVZvVob,Sh,133.7789876,['btc'],0
16wJBxq1UPXbtXVvfwNyJsXdToWnoPDmwC,Sh,0.0027,['btc'],0
16XRwAqnSWphEnGXCBat4ByBivaVAxmA2Y,Sh,2.67347404,['btc'],0
17aHDg3Qh3Qr49KtHWfUid51u6kFwV1zY6,Sh,0.00535761,['btc'],0
17D15wUjR26jDenezqimMQ1z1bQcLoSuhW,Sh,0.01163001,['btc'],0
17EDy9zYZ2CxFG9fozaFZ64HSG3nFRF94V,Sh,0.07895477,['btc'],0
17fesvRn2K4S7W7tEnUzPt3qWegCujqyQj,Sh,0.00515444,['btc'],0
17yBSNi4JKL1csEqFJj124nbQY9SmaDDzG,Sh,4.44304137,['btc'],0
17YEDfuzGZv8R6MpGb92mZSAFR7gFQjmNX,Sh,1.80516238,['btc'],0
17z1fhmz4vxJbehWrX8ZHMRVznbCYSSpVY,Sh,0.00507171,['btc'],0
18CQMTo2LQbTFrF7PQh8E5YYdsV212sFf8,Sh,0.36103882,['btc'],0
18dHrDC9o95fKhNZvQK6DyfPxXtD2CDLpn,Sh,0.00514204,['btc'],0
18ngRRTswBRJnedoWFGMvr2DqrGCKkCyHW,Sh,0.11181131,['btc'],0
1912qziUYHTP2B5Dg8geoQFATdHYgLeAd6,Sh,0.00549774,['btc'],0
19dXGqdNVmFzcGcUbgYrth7Var2Z4gtbpx,Sh,8.13298877,['btc'],0
19ETLS2s1YeeaAGatoayESVZo6r988seKx,Sh,0.00573881,['btc'],0
19j9Bk7snYFroerWYDZEe6GT7g2bSUdW9s,Sh,0.01878563,['btc'],0
19YBP8aANTmwMAnu1e814s2YTxfB97ycHK,Sh,711.24324,['btc'],0
19Z871HV29MVimESu3ipMZqDFaFd5Gzp9p,Sh,0.0051276,['btc'],0
1ArFDpkrhWzoA7SqxZYtj6kWWriJkAHYqp,Sh,0.00518956,['btc'],0
1BieFn4Qq6kmJPoZTiPqNC8dRpyu6Nrm2n,Sh,0.06297228,['btc'],0
1BkQV9Eq24VYFG1JE4x6CgMgeUQphZdanJ,Sh,0.11631253,['btc'],0
1BmwgDj741oyeEhcJoQ2x5sw7uNchpLbYu,Sh,1.46563197,['btc'],0
1BxWEg19oGUZuQx4VbWxVRa2T7ure7nG9H,Sh,2.80049522,['btc'],0
1BZZ4iYR4opJbehxaJD2gbdCjjCcbeJY47,Sh,0.00539311,['btc'],0
1CbcmT1LihsDBsGBtLV1S54cS2zH36hJuc,Sh,1.25027166,['btc'],0
1CDHUpVPSbC9LxvAnMPGL94Xvc7y6zc1hA,Sh,0.00561949,['btc'],0
1CmP4MFedZ5pYqVmkUNXDV8p9SYLhG3yZ3,Sh,2.36847419,['btc'],0
1CZnAkzny43dFkdVMcjY7LFKYkikExS6Mx,Sh,0.006,['btc'],0
1DFEBxdEyPEnPgQy4sM1yz1ofQZTjRWN7p,Sh,0.00590809,['btc'],0
1DR1GC2bHhENvCYHqRexPpij6gJTwRZdoY,Sh,0.00643644,['porn'],0
1DYLLwmno1URwce2StePv6D4UBSmbRuca3,Sh,0.61634494,['btc'],0
1E6UgWLzBjcz6G4GDKt9N5HzjWccxBe6zn,Sh,0.00590394,['btc'],0
1EgrBHTQa1raHYF2nTz8Zo9Y7mr4SWiiUy,Sh,1.11297199,['btc'],0
1ELoqTcKHjAC7Z7SJZ1u9ZrWeMbATWfQhB,Sh,0.00528593,['btc'],0
1ENqsPXaF4uDeaTKwo6mSeFhbHR6SHCr6M,Sh,3.56915211,['btc'],0
1EToEKqNWQLAn7FvjygWGSXZWP4QK3N9XT,Sh,0.03158584,['btc'],0
1FogMBcTbGDS4gbY6fofL4WjUXqmFeCLkn,Sh,0.00575423,['btc'],0
1FoK9xmVFCH56uyqrP8GmGyD9rdPq2JRXy,Sh,2.15089946,['btc'],0
1FyTTdm9sSfEzY7dC2gybrCFjaNHfG1y9q,Sh,0.00566727,['btc'],0
1Fz4eQvyG5KR1jSQeYWqoM672qrX5jNhVw,Sh,0.0052743,['btc'],0
1FzG5mXHsJQaSDxKbCW5XBrzkRuei5VsbC,Sh,0.18359408,['btc'],0
1GCX5dGv1GKRHzhCv3BVDivPDuCad1pbpN,Sh,18.61387466,['btc'],0
1GKdepG9JvsGcJU8qPmyeUWXxKid3HoiFt,Sh,0.01703956,['btc'],0
1GRvMEEHwDht8ctzBzCL6DNWzPkB9ugx9T,Sh,0.80915636,['btc'],0
1Gt8EPWqT25Jxi4hv71PPS7b5Np5XV4zER,Sh,1.57338979,['btc'],0
1GYCh44CzjhG1eS616LbSq5ej2KrnYBRmJ,Sh,0.76368175,['btc'],0
1Gyza1hXzt4t5TiRV9t3NZQZ2SxrmVda6m,Sh,736.3857648,['btc'],0
1HbSwoayWYjAE3BRn3vS5KJU68FpdDACA8,Sh,1.42556591,['btc'],0
1HbxqzjSeTZFXU9Teqb4Ar1rjjQQxUk4tE,Sh,0.005589,['btc'],0
1HsknsZ9sFP48r18bb7TT5QdKtoseaEAPd,Sh,110.0941365,['btc'],0
1JcMMo8jiCZKjXBGRZoztMkdSf15t7Jiiq,Sh,0.0506924,['btc'],0
1JfyD6fQUM8RXubtuYcD2jyLzpzL64EkyY,Sh,0.00556221,['btc'],0
1JoJZmhW6sJ5FczGUBdigRYzzGs1eYsocM,Sh,0.13064394,['btc'],0
1JwiCvynALqQpXiDWuVCvHUt4MSuv4hjoh,Sh,0.48770604,['btc'],0
1KiwrKyV6o6ZrGxDH7Cu3yN2LqhdWfiZ2p,Sh,0.82955512,['btc'],0
1KsZ7Gwt3KugQgHXYYByK4FtnvNKowc6Lw,Sh,0.00568798,['btc'],0
1L6GHhYddQH6dCLJH22pUFQc36i2gKzGnw,Sh,0.07548307,['btc'],0
1L7GLf8Aq8g64a6bnXVBWgPzbrAWgau3ni,Sh,0.44066915,['btc'],0
1LitfmNS1xZSa65N7X448GDqHFLZj23DUu,Sh,0.00554,['btc'],0
1LKxU6KpixV5FaT3JMWZ2Ac7GrP88uegcL,Sh,1.5816387,['btc'],0
1LpqXBngPSpCfz7ZammrLQN6VchWK1aHB2,Sh,0.00713368,['btc'],0
1LSLN6AeBKfUTorxz5SpaxVumK2eUjQSio,Sh,12.43724956,['btc'],0
1LWUbFNW1JL9qBb2PqbTSx623XwWh2xz4p,Sh,2.63072811,['btc'],0
1M32VCmML3hacCvaUcwht2WyMviC6GgKJt,Sh,0.26298129,['btc'],0
1M3Y94N1Z42tJAJzamcdNbyhyRifoQgyYT,Sh,0.00015564,['btc'],0
1MhCaNLFMehtMkQqXf6zCh9733Hw8duXjG,Sh,1.66169722,['btc'],0
1MzhhGqYQt163YSS197gBTGY1wqH1Qz3vn,Sh,0.00568917,['btc'],0
1NMcqBbNRJhHKobx9fLrCogsYS9XNnWDUa,Sh,0.00559699,['btc'],0
1NQXDKLGsGdZ7YWEh5QnJpP4n9EAqapbyV,Sh,0.00586753,['btc'],0
1Nx11zvMEJZt5FsCVJj8cnPULqZ4vQdCeo,Sh,117.3947197,['btc'],0
1P8YZWLyeBptPWdRztr4sBFfSWswSC9CVP,Sh,0.005,['btc'],0
1Pf28fgLZktAaG83kcV6ozUueo1GEAXAPU,Sh,0.00518458,['btc'],0
31rj7NFKk4YxtiBF4tRDAsF8AUqx9UEYJG,Sh,0.00521973,['btc'],0
32CTq3FaosWmKSnzH2kZXWCELkQkiPCDAA,Sh,0.00581737,['btc'],0
32nwmsZxY3QqnDRL5mkCkAFRQSsUy2hoPU,Sh,0.00523811,['btc'],0
32p9wJGAUgfsskfVNPFZjf4323m6NpEyYE,Sh,0.00546157,['btc'],0
32uSXeea62fkNyb9RN2qnRZQohUAh3dtP9,Sh,0.00526908,['btc'],0
334a1TjuWeVJhr8Vz7jtRxQQuZyv1L3UVy,Sh,0.00536108,['btc'],0
335HL2HUSxaKSVrmzTQWCyqhHYG6XbP3tF,Sh,0.00585324,['btc'],0
33JvzvFQTVzq3387BkZDF1tdc9VCV8UhU7,Sh,0.00510229,['btc'],0
342dCwd6Gr9rHZ7hdjLH59uH1duADEwnP9,Sh,0.006,['btc'],0
343r6kHmSRdm6qcXBgszzHK6K9RCegmW9q,Sh,0.00507401,['btc'],0
345SASWEewaGMgbG38wmgoxnXTbaq2xwVn,Sh,0.0215,['btc'],0
3493eaiWakj917WKF9Tbm9TvUVgRz7N53m,Sh,0.00537615,['btc'],0
34AwcXWYuqatjNHHJ1vt1ecKCV5dA1aLWY,Sh,0.00573747,['btc'],0
34eLN2sUyhjspJ2Vujgg3c7eCsnCFPpQ1L,Sh,52.62189354,['btc'],0
34GG6eMZSC2JMyLfzjVLwV4aspqX8YtF6t,Sh,0.0059,['btc'],0
34pktoigxEPuCiB527GMJuVbGDjAtjBi71,Sh,0.0054765,['btc'],0
35dP27DHbhLh7FESnbs4FrT7jk4cAX6iuh,Sh,1.51567454,['btc'],0
35eWDFErEFUT2UrF9sLUJsbuwaBHAUP9cn,Sh,0.00584394,['btc'],0
35FJdfFJqPM5i2SKXPCt74KETfpnRp2Z47,Sh,0.00586676,['btc'],0
35ghthoBt73MCu1dtUddv5kP6gc3oTvTcN,Sh,0.00517461,['btc'],0
35hescf4BB4yqSP6XMRthYnL1XNBMSfeEW,Sh,0.42039596,['btc'],0
35iT22bCgPxEinFpk8HtzTqdGF7zXigakK,Sh,0.00553809,['btc'],0
35sBUYrMZQawNBTqZwXgEHuWrHmmntF6TM,Sh,0.00594107,['btc'],0
35WcTGu1pEhBAQPvD7AxNKrWHqVZA8AqHe,Sh,0.52324678,['btc'],0
35Z3YryPJ6hucoDkQxF1XazJ1THb2HCNNc,Sh,0.00514372,['btc'],0
3612MEFnaxi3NiEnTsDDK3fQfzsLkZGvFi,Sh,0.0153662,['btc'],0
36Bjo1XsV3mSbKWdjKxXVY4X4gVeKSMHAL,Sh,0.06709017,['btc'],0
36DJQZNEXMpoJtb74BxJyEqKrJ53yj9xUv,Sh,7509.649387,['btc'],0
36sH3JYaAVtGZaKCnVLVxmuTzfR9oBPUuh,Sh,0.01001051,['btc'],0
36SxxWCYjubyjr3Xc8uySDLahqjvcfjcsX,Sh,908.0262938,['btc'],0
36uwN8ix9tLGqzpLdfQoHAfUfwRjBAoPgf,Sh,318.2769277,['btc'],0
36yem6KyXWBn1GBDyQ8qaWZCUqU7mm1Sub,Sh,0.30557146,['btc'],0
372WzcLXsp6fkKaRwuZzAbjwhTPbqoQ1Ev,Sh,0.006,['btc'],0
37qPiiMEpqo4PBaRUb7FT84cA2vLvjsbDZ,Sh,0.00504952,['btc'],0
38rrLKKAkT1ej1LZyL3VUg5hxNo8Mnb9SU,Sh,0.0797,['btc'],0
39J7NGNRM9Nn5hmLqTEEJchnR9CYpT3kb3,Sh,5832.720707,['btc'],0
39mxh5y6EquiRWnnFsdAh3nE8haZQgFbPN,Sh,0.24697992,['btc'],0
39qWgUcJ5EZyUeacjFbqZcG2y2W7NBMF5r,Sh,0.06757026,['btc'],0
39TZBiFvWp813ycoHoUxFDjL7MwKqCtEiW,Sh,0.82268901,['btc'],0
3A82rPXZqUfwuUJR2Emfqker2P86JyS6jF,Sh,0.09068154,['btc'],0
3AdAeDPFKQNbXuAbP2tgGTDX1beYg4jYoc,Sh,0.0712328,['btc'],0
3AKLTZFueUwvoSREmXqwjFMPyzbm9ZAhMN,Sh,0.00516645,['btc'],0
3AYQiNtzdUwmTpLfFShgSmYMYi9DZEdtaX,Sh,0.00575,['btc'],0
3BUXYTjkcpLC4cmtwBT2efyCpTBRrbyNtF,Sh,0.0806,['btc'],0
3C3wyZ1wzDH3ror1qaqe6ZmCMNMGD4YsLt,Sh,13895.84492,['btc'],0
3C6xz7Y3KkDSFusm54k8dDMg3pAXKtPkEF,Sh,0.00516961,['btc'],0
3CNPuCBnsKbjKcoxb2xdMz1CWBzrhRdRVi,Sh,0.00505778,['btc'],0
3CtSdp3cwYKWYp7unc63M1gpDfNDyYtc59,Sh,0.00542774,['btc'],0
3DZLeSuiZSYVREszh8UVgmMSkRHdKGpdSb,Sh,0.581611,['btc'],0
3Ea1wDHkfqcckgxEpLu62eNv9eZ2jRvbxR,Sh,0.00559978,['btc'],0
3ED5dPvVw2zioQhMi2ibYZcfg8tCPuBeQ3,Sh,0.82821452,['btc'],0
3EKE53S12c8VvN4BNsK919nfQMxgc1tvEm,Sh,0.65008428,['btc'],0
3FaamcmQJNeEC3nXWtXRxALa4DvyVHCAq2,Sh,0.43477864,['btc'],0
3Fhf9BjoH5ZhKF9FJCSrW8PzTTfhn9izkt,Sh,0.00523168,['btc'],0
3FpJLjx1qjpztSXywTYdA4ssEfK7qL5r8y,Sh,0.00558043,['btc'],0
3FTZcyp1F7fUbC4qweiRNTPQ92h1Ss2qqE,Sh,0.006,['btc'],0
3GCMJv7AUJk4znKSpKFHMHPGQV1yiKCk15,Sh,0.0058504,['btc'],0
3GENeaH3B91Mec7rfjTiM1mP1x534EEjUF,Sh,0.00584719,['btc'],0
3GraFK2DfT9dPV3watxfnSFJHBEXZskkyh,Sh,0.00515705,['btc'],0
3HaocF3uV23rg9gZqH2dK819e6fyS9Gt5F,Sh,0.01165862,['btc'],0
3HqZRJeFCL4tL3uG5GtMy1t8H3mGHid369,Sh,0.04897555,['btc'],0
3J38Hw7q5dGmxS5rvcjhyD1pCXTtze5AZs,Sh,0.00505186,['btc'],0
3JswA9dRTbxz7PjLLrbWn1Dynb2vMTceuX,Sh,0.1152644,['btc'],0
3JwkMsv67fGuhtP4H2siMDujfRtocZrJfj,Sh,0.0058,['btc'],0
3Kn8YrTQfA2xg4n8ZJjzP1SmNb7jeLVaZd,Sh,0.41440473,['btc'],0
3L3FwGaYTqcUTPN36WZqDEb4z5ajNkzPst,Sh,0.00517476,['btc'],0
3LfrSgwyiBYCar6RWR7965ryA2BbQjixPN,Sh,0.00514027,['btc'],0
3LLnScaQ5FvXUhXVAnsQHzSxTvZ8De8MFG,Sh,0.01840304,['btc'],0
3Ln9QJyiWV3P2WvtPqfoVLAyqhFp2Qn3tS,Sh,0.07230825,['btc'],0
3LVm6rezqJAnSTfeoaUXcZzsYHSifeXoPD,Sh,0.00594013,['btc'],0
3LYC7KfLfgAnzDbh9CwrxA5ZBgu8c7TqBo,Sh,0.69810548,['btc'],0
3M9rRT4GJK7cooHgLtHqScfqgaNzvzw4Q6,Sh,0.00509945,['btc'],0
3MAUnF7QUVRA11kqi9qXCHdKoPXDp1trYF,Sh,0.00586049,['btc'],0
3MF76NooJkvunubdatRHgt6ePq1ToJMrQ9,Sh,0.00530162,['btc'],0
3MLhUW8yXgeD2XUfXpG1kmZkHj2q475W8R,Sh,0.0727,['btc'],0
3MZWivvDBexFtxMCHt9ABvodufYZbMNR1D,Sh,0.77299087,['btc'],0
3NmLKe1DuZfXSnjk7nsu5bkBGJT2ahj9nh,Sh,7.10134251,['btc'],0
3NQE86wob9o6jprSN3dNEAXqvd1fvmYhWn,Sh,0.005554,['btc'],0
3P2ykD7d816mLR5f1358ZHD2KzUxiSePK5,Sh,0.148409,['btc'],0
3P3WWwytxnZL8JYquTYkz8WuCHSfgzUDDX,Sh,0.0054751,['btc'],0
3P8qF8vVxjaKEzX2y975V6NPwzyHBjJ9wG,Sh,0.09459723,['btc'],0
3PcnPCbjwwzwtgVFyMtKsev6c4Q6kKrfqs,Sh,0.00572759,['btc'],0
3Pcx2W3Qq3F3C6P64y4N8Zv4JswRAwQewb,Sh,0.007192,['btc'],0
3PeamcBGpccsSydqpLZx9CxpZKphMoNBEg,Sh,0.00516828,['btc'],0
3PEQtJfhyD9oDaZ1sWUveZk1FWZptLrmAN,Sh,0.81453331,['btc'],0
3Ph5RpYvLQh25jb5W5MJzzYxLNp19nptuZ,Sh,8034.574072,['btc'],0
3PSMJ2ByuqAZdEn2LhZsQ8RXrcYiZsW2hj,Sh,0.0052,['btc'],0
3QkXxDp8CWZmmzCpTbgzqXrEcUFuCUTFjJ,Sh,0.63245792,['btc'],0
3QrraTPha6r8ZTkRmCGiQ12muFiV1hvKSH,Sh,0.12627075,['btc'],0
3R1XLrmjeFQnaJp5eKNKqsNsrfRS7unjZ6,Sh,0.25425544,['btc'],0
bc1q0cc2jpyy6y50472u9880f53sn5zfh6m9efj24x,Sh,0.05181552,['btc'],0
bc1q0cfddes6grmfwxq42t32prt2m078l6laqg20jm,Sh,0.04068678,['btc'],0
bc1q0enu3d4gaah5a5d4hwxlsr984dv4dq52fd7kqe,Sh,0.00502642,['btc'],0
bc1q0jup7duaendc3tak8077zc32zryrk5r95mvmt4,Sh,0.16119917,['btc'],0
bc1q0k04tcwpzreld4gr48fjr5qekym7rezzgtu6gs,Sh,0.005335,['btc'],0
bc1q0msjls5xh7py0jceq7fntaph6vqkchqf2yu99s,Sh,4.27067872,['btc'],0
bc1q0p40ynd426wvne3xh4gn5vlgt90yt6f4pchgdy,Sh,0.03376607,['btc'],0
bc1q0rtrh0xzqurluq5a4dmhxfylezy2v97h6l05kz,Sh,0.06537696,['btc'],0
bc1q22hr3l2sn37k32w84w7tgvx9nggjtv03gyxkvy,Sh,0.00510526,['btc'],0
bc1q24th6q62zaptva5f23y74quften0exhvpdy5gg,Sh,0.00558153,['btc'],0
bc1q2hv4u9yu5mgsalap2zf4rqr37fantj70f0j6ca,Sh,0.00743406,['btc'],0
bc1q2jylmtvmnlzmfn2gff9yfrxmthsduf63r6ter7,Sh,1.58625232,['btc'],0
bc1q2qql7qp5rg7yz7kn9pmgynlrg384w84uennc0t,Sh,0.05764537,['btc'],0
bc1q2rphca5nekay9z3jy9rq5clwljgsz5j0m3ypka,Sh,0.00501631,['btc'],0
bc1q2rpyv493us0gg5ed8k03ls2msak23ewcjnq4nk,Sh,0.00558082,['btc'],0
bc1q2s42fehsktt6ejwpdsm2y33m8aqzyn65k6tf22,Sh,0.006,['btc'],0
bc1q2yvxw3z9j8q2dnf79zwq3ru6xe3fnvlxfylw6j,Sh,0.00538944,['btc'],0
bc1q345f282j79cxxx5ex09ytuqhf3xcmjggvpz3x6,Sh,0.00506968,['btc'],0
bc1q39t8hsyzrqlfrqeved4eaq0t946xjcrjmfjppa,Sh,0.00552152,['btc'],0
bc1q39vy5yxupez92l0c0400yxxv7wzxkmj4t9rt06,Sh,0.00570959,['btc'],0
bc1q3aflfjljhje6t65s8vgu30uyhfplg2769k8nkp,Sh,0.00771641,['btc'],0
bc1q3cwp9y56682epdzs45d974zdjyulpe4erped5x,Sh,0.25233372,['btc'],0
bc1q3fhcwmc8ly3fxqagen0rx2me9pj9gagw75euqr,Sh,0.00525647,['btc'],0
bc1q3hg27afqm5ckn642804ta05av80ksflrm8p0h9,Sh,0.04081686,['btc'],0
bc1q3krw26u62829l2etqz9626kt882ct943wa5slf,Sh,0.00551571,['btc'],0
bc1q3l5gxngh9qwyvmh2gwfz4u4gk2yjjf6wdfc85z,Sh,0.0055219,['btc'],0
bc1q3lc72cguc5txdgz0htcn9hw2zpvvhryspysqsy,Sh,0.4904561,['btc'],0
bc1q3lhyzgl5w4fqxxw4hk3dkewr67n2zm0gpjmfdj,Sh,0.00598218,['btc'],0
bc1q3n34vvw68f3a6z2cjs49rr0s59vvuvhyja0ca5,Sh,1.86487755,['btc'],0
bc1q3rckh9ghrevtrm93zkgyapnt7x574cgp9hnqms,Sh,0.5028679,['btc'],0
bc1q3s90sc8lnwtsgwv36eykss7lt0jnskfpv05qnj,Sh,4.28401431,['btc'],0
bc1q3ta3d29j3lcxysrws25wxlqzs3yc0hn9tr7qdv,Sh,0.00540744,['btc'],0
bc1q3v88keg9c2sxez6r7et29jv39qq0hfuv4zlff7,Sh,0.00580451,['btc'],0
bc1q3wym4j2nqlg56cgyggmd4gw5tevjwznxln4wy4,Sh,1.35094687,['btc'],0
bc1q3y6rfvxs33g5ddzyyd7w9q0yejmhue3j866v90,Sh,0.00534549,['btc'],0
bc1q3zwwcy78g90payhhenaxm2drp0qadyj5pm6pz5,Sh,0.00522553,['btc'],0
bc1q43e557d4mnygyea8079kw4ay9d97n7m7vrz0fk,Sh,0.00569699,['btc'],0
bc1q46j39azlkvvk9ev2a9a48qapu7xhk3vrvakp5l,Sh,0.00507313,['btc'],0
bc1q47tdxyqhkccjwrq0772ffnjmuvqnqlaj07jzvj,Sh,0.14029084,['btc'],0
bc1q4a6pgrjr6mep0f8j08p63c92kfkpey06scq87e,Sh,0.00599855,['btc'],0
bc1q4gf3cguxp92kwt5vjrr3z7wdhu98k0hqxc580x,Sh,1.01080683,['btc'],0
bc1q4j54hqu57spswprseqplmja2rqkvdmqfzep7qz,Sh,0.10639766,['btc'],0
bc1q4nrc9x906te8vdg6s57zyfxqve5d76ynu3wzht,Sh,0.00547431,['btc'],0
bc1q4nvam7dwkmedy3tud3fe7dec32jhnlcp96f2d0,Sh,0.27156424,['btc'],0
bc1q4ry29mvj3w6rmrwasekme2t5a5d99q3tmnkyam,Sh,1.3077664,['btc'],0
bc1q4tg9wefd05h7q3lahd2xln8cccazqexps7rlz0,Sh,0.00550672,['btc'],0
bc1q4wt94vz6n0matxc7mfrqu8vlhhtxt4t6ga9m9m,Sh,0.00537084,['btc'],0
bc1q4y6cey905k6q709ywrs3g8nqqy0lap7ws96fql,Sh,0.22013981,['btc'],0
bc1q52ntcmxchkufqzgjua3t3l9ujejdl49r62sfhz,Sh,0.00568341,['btc'],0
bc1q52wc6nzafe8fmglaqcv0ye5ctvtlw007gty6da,Sh,9.74799274,['btc'],0
bc1q5alc4z6cyhlzt93was9yeyljn5zx4u22xj063u,Sh,0.00563448,['btc'],0
bc1q5aufwylfutmctr8xv2lncj6lz8mel394wazf8a,Sh,0.00595615,['btc'],0
bc1q5hlc7rzq5fgxm5cfdnv4rf3q7sjs3d3njy0dpa,Sh,0.00513898,['btc'],0
bc1q5leplgzlmy8dyjw983f8qwmyaffxcg3e3khf4v,Sh,0.08196429,['btc'],0
bc1q5lpsvw5gr69p5g9q2gpy7d8afh3dtcl0l2dx9h,Sh,0.35445812,['btc'],0
bc1q60p6r3ga43e9c3mjl2nac0ysvfj96h2pju3w9w,Sh,0.0058815,['btc'],0
bc1q63awan2f0m36uhsrj7zzc8ff4qkfgj3ae0uw23,Sh,0.005097,['btc'],0
bc1q6czhvh5c56yz3lfftdp8pnewrg7z795j75yggr,Sh,0.03552917,['btc'],0
bc1q6m827mekyf6c5sq8fxj93eq6lphp6sdkum22ue,Sh,0.09986986,['btc'],0
bc1q6ms5uat88g5gvtr5ryqwczzz9hu7dxdtlp6635,Sh,0.06108876,['btc'],0
bc1q6w7dpl4wfq4gp4g4qhkhwmzd7vfpw9t2a878jn,Sh,1.00995385,['btc'],0
bc1q76au29sssjusuuemxq4czux2gah83grw5em7cq,Sh,0.00549279,['btc'],0
bc1q7d0dem56r2aywfpc32nrf3n8344lr0h72gukud,Sh,0.00593141,['btc'],0
bc1q7fx79ljtrht64jgkkxtnxv30843mlf4s2u898s,Sh,0.00505074,['btc'],0
bc1q7kadzlnwu2g5hzv2m5l5h0vdeqlrghn3ca0x7a,Sh,0.32435154,['btc'],0
bc1q7vd83cxayjaj8jflhjn4dnzxn8wzzm5d30ntm2,Sh,0.00527983,['btc'],0
bc1q7x0hnz5y4wcwp8tm6a98rml0xfqph5c6truduw,Sh,4.96026435,['btc'],0
bc1q80qnw03zr07rw9gy6v4n7vmx8lr77ruefarjdu,Sh,0.00512746,['btc'],0
bc1q8ajufgpdyyehj5xvcf0rrx0wzpeapa46rrvrav,Sh,0.0056346,['btc'],0
bc1q8rkwx3wdd6lugs3zfsmj6kuy4r5y24ju88fd8w,Sh,0.00907177,['btc'],0
bc1q8wwgugt7ayu7urx5f0elxs8qkkwsw7vv32xnfh,Sh,0.07472607,['btc'],0
bc1q8z3kz7ja09glrprhr9sn9z7csvlc6dfwa4d3sq,Sh,0.00510191,['btc'],0
bc1q9ahmyzmdvdkqfr03k7vrap5nzanql55upm9vzk,Sh,0.05295564,['btc'],0
bc1q9nrr9euer2n06rfr2n8f7q3wc6t0nh3cz2plch,Sh,0.00579621,['btc'],0
bc1q9w6jw0e63auvv6vck5supz9yzdlce2c8m78zrd,Sh,0.46700826,['btc'],0
bc1q9x02fxa8zavc6j8ymjdchagnheym70frpw4hzr,Sh,0.01030503,['btc'],0
bc1qa83fad6phvfezg5qns8r7rp6rhx3y37ghlhu98,Sh,0.02457322,['btc'],0
bc1qacmtdap020t2xa7j908rafwfhrc2487wvw7cvs,Sh,1.51041715,['btc'],0
bc1qaeg99dhxy2smr3lzkhzqd3lsu9t67e63n2tqzr,Sh,0.0053853,['btc'],0
bc1qafzw7667826sy82fnc4tf9038ka5s6yqu7ysz4,Sh,0.00537058,['btc'],0
bc1qagyyvcdzgka7ef07vzkh5kvedm5hpqre04sma4,Sh,0.00589915,['btc'],0
bc1qah2xeytd2690xz0h4aqhrf4w358rrmfr2p3m9f,Sh,0.0199754,['btc'],0
bc1qak3kjy0hqg4v5ndxpmth66z8e6tyuf2fsd5rgw,Sh,0.0052967,['btc'],0
bc1qan7hzs8tzn2tqrdpjy3dr8whccjfzpcssh50gv,Sh,0.00533985,['btc'],0
bc1qau33sd5x8kyfwux29ssy2mahjw038quzd7vwc0,Sh,0.00501048,['btc'],0
bc1qc2cxax4cla5pd6y7yzm60sctch4q5mewrngmrh,Sh,0.00542676,['btc'],0
bc1qc43a55v5n9lg74etd647kq3ueu5wylcc5x8h73,Sh,0.00523426,['btc'],0
bc1qc89pj5tz6zxhu22257c02c3l5k48jtqlkw0npp,Sh,0.10744161,['btc'],0
bc1qchh6t6asrg7zhytvjahzxvssd644tged7a9aq3,Sh,0.00540032,['btc'],0
bc1qchhhxrrw55rx9dwqym4pg99arhgexdacn8vqsl,Sh,0.005525,['btc'],0
bc1qcplsvzw9vtmw420256q9z3h9m32ldpc3dunxcx,Sh,0.00812226,['btc'],0
bc1qcrlhzecp645dtmzxhcdy8gms5d4qgq4jvw6lxd,Sh,0.01843931,['btc'],0
bc1qcrq7hhsxa6qqvuj5gdmct7e4ewkz2uj39gacsp,Sh,0.71350211,['btc'],0
bc1qcxrj4cwkpg0yprrdu09kyrftaw2zl2dfdm83rg,Sh,16.48281479,['btc'],0
bc1qd246dhwrt4z664ljlaq8vezdntlvxuj8a2fwa6,Sh,0.11674183,['btc'],0
bc1qd7sa7xjvf9x7a395zyhcfjy6ceazexaqdq3sxj,Sh,0.20749114,['btc'],0
bc1qdd4ps5tg33nk94y4tcywjdl3ww4aky42vhx3ee,Sh,0.05944482,['btc'],0
bc1qdjx9gw26v5jw75n20dmsc9tpl8xkj3zx8m7vty,Sh,0.00571063,['btc'],0
bc1qdl4xuw0qj0zhwy8p2m6dl6tzwfe28uycz4ela8,Sh,0.00556403,['btc'],0
bc1qdqwzzzngfqys2f63nhmdcju8ucl56ddg09lc0g,Sh,0.00501322,['btc'],0
bc1qdrfj3gfs0ppkn6wagqnzaqj9n27r08wyjvamzk,Sh,0.03695213,['btc'],0
bc1qdugn0r4xh06aefxc8dwmrfhkflq8zjs960f40l,Sh,0.00584823,['btc'],0
bc1qdw90224kq0q7mu3gp4deqf5nvtl6ngvdamxpsu,Sh,0.00523513,['btc'],0
bc1qdyqyp54uysr7gvtedh3spcv9zwhw9ypsygvgz8,Sh,0.35829457,['btc'],0
bc1qe0upkewm8szh6ynf9mupnzx6zeuspn7hx6fhsl,Sh,0.12251955,['btc'],0
bc1qe6cqyhshf0h0hq9lxxdha5sr0q92eywwswya6h,Sh,0.00514023,['btc'],0
bc1qefuk6q9fkvrefj9xusk2lcdg0yszz4l4lljjum,Sh,0.00525372,['btc'],0
bc1qegxegq64vpq2rc4zgxwfct5887anhsvvl74cxy,Sh,0.08009065,['btc'],0
bc1qer255ae2zvtgp73n3kn5000pmhvnws5yqnvc87,Sh,0.00576154,['btc'],0
bc1qeu33hlq3mmk8fg3yf9p0f86j6fu5gp0mxf8w5g,Sh,0.91013587,['btc'],0
bc1qeusr0ew93avs9myyn4tqxm7nw9qqjpe9q6uxn0,Sh,10.46258043,['btc'],0
bc1qexvldg3scn8gk3m3xezax0dlgdc7f83tvlwk0z,Sh,0.00514338,['btc'],0
bc1qf2pwjf5svrkanlv4sef474r9afz8z3pg9unke2,Sh,0.37564221,['btc'],0
bc1qf3kjsxfjpmhp96w637jndnzddxsvayfqrxzhvs,Sh,0.00503381,['btc'],0
bc1qf4m8l6rvjupv8scfq9al40l4zch7sxmspzj9zc,Sh,0.00905541,['btc'],0
bc1qf6afdny9y4u67rsql8axmdq06uakc2ajjyp78e,Sh,0.00508981,['btc'],0
bc1qf7vmusshwpwdv8ad6ktjeczg8efhwank5qssgj,Sh,0.0179751,['btc'],0
bc1qf7zq943gchz0qe405qsrmew8t4e4xlt26vxarx,Sh,0.12991291,['btc'],0
bc1qf8dmgmu9qx5yy3x32v99jgdx83kyy998wd4dgw,Sh,0.26968803,['btc'],0
bc1qf8kr3wtvl209z8fu275vngu536gcqrkgf5cjhf,Sh,1.22561719,['btc'],0
bc1qf9n8znsd9e2nfrtg3gpq3c9f6xygu20n0cqwww,Sh,0.36615756,['btc'],0
bc1qfcth3zzu49h9z3lq5jwqq00ggcctm7a5j3wft0,Sh,0.0056625,['btc'],0
bc1qfd68x3vyetuc9uduy92yefkvcy2yf9rgw7naax,Sh,0.09373386,['btc'],0
bc1qfgwwddse56veqqd7k5ewptdffz8ulgklj9xr66,Sh,0.25403134,['btc'],0
bc1qflgqaukjw8e7x8vxdut6atrrsqf2wxvrsxeh84,Sh,0.00561971,['btc'],0
bc1qfqvu3l4f2287c3dfpdsg7506w6gc3u4hn9t295,Sh,0.0055732,['btc'],0
bc1qfvwfvasd7urrfudwsd3chmxdyw6af39kvkefhy,Sh,0.04647251,['btc'],0
bc1qfwncmfavsy4af9f7z8fcxpd7vxnmdftkha76ud,Sh,0.22313616,['btc'],0
bc1qfwpysy9sazartvqd3p9cqr2hwlsvcg3uaqc0rg,Sh,0.41841369,['btc'],0
bc1qg3smeses992zqr6f5sdytgd0fdvqdrggle2gj5,Sh,0.25230221,['btc'],0
bc1qg3yuz3zmmwwl234hl3pda4malhpe8mzsxqa59k,Sh,0.02211583,['btc'],0
bc1qg4jfwnmwzxw4eczjrk76mue9qa8v8vwk88ep6n,Sh,5.13681355,['btc'],0
bc1qg4qh6rxgzh6g5k2jcma49r33h8k5j6xl4u9z7f,Sh,1.22659978,['btc'],0
bc1qg774nsezlw39ztv6x3w6yja6g0kalkg79zwf3e,Sh,0.12242453,['btc'],0
bc1qgjfzx8tqrszae6kycpucrq6v7f0lwu73xgyng9,Sh,13.79205939,['btc'],0
bc1qgpd8ddgdj0x7e86ey36rty5tngfjxzv8w4kkeg,Sh,0.78807263,['btc'],0
bc1qgukd3qk6e2uqd0fu3an75yt7vwvuaaq7xhxq6m,Sh,0.00551056,['btc'],0
bc1qgup0e8g8ngnlu04c7yw7aw6uxfe35juv2mk7gz,Sh,0.00561168,['btc'],0
bc1qgxkgjjstfkemrzaqzg5mpm4trz32yyw6j54lpt,Sh,0.00541054,['btc'],0
bc1qgz59d2getexjsvp554gygvr0n4yerfnvf8ksj0,Sh,0.00565371,['btc'],0
bc1qh2ah3eysgz4p9p49zv8q2p3stgmzxckmxgx3lv,Sh,0.00527852,['btc'],0
bc1qh2mwgael7js3fhye64m9wpjus2uz6xsdhyz0dd,Sh,0.00543184,['btc'],0
bc1qh4daa906545zq8hw6kefh063m7z02986rf29zy,Sh,0.00555323,['btc'],0
bc1qh5d64k5hkrq4ckhz25e4qeh87j859t56vmrlsj,Sh,0.82712252,['btc'],0
bc1qhjve8pmrfkmuykdfq7drcqra7wnszuqdr7h5a9,Sh,0.19843607,['btc'],0
bc1qhjzfm280sk5ym6mw0vtxf6qc0t279pk8fccjef,Sh,0.23662174,['btc'],0
bc1qj3xfn23tm3c57j2uu4cfca7pdcmfv5hac6sd4g,Sh,1.07879148,['btc'],0
bc1qj5x3vfju2hcu504ypsxazy299qk9na0tllgak4,Sh,1.32532175,['btc'],0
bc1qja5zu78lrnuxnype5z0t4rje65axk8l4aeqh65,Sh,0.30465022,['btc'],0
bc1qjfj63zr85862sjdq8ehnm8p78h5gf8exx86kp2,Sh,0.0057405,['btc'],0
bc1qjrnygsndjd6p5jxg4dmv62tcfhsmmr4wlfsdk0,Sh,0.06513762,['btc'],0
bc1qjvl8lfn2gxh8ulx6dx3spph87mwnnu052ucjnx,Sh,0.00565024,['btc'],0
bc1qjzw32fne8j2dxrxrxjg3c38u2e8h6dvr34fkrt,Sh,0.35920146,['btc'],0
bc1qk3y3waqjvdgrfusk8qce3ph6wjlketd8l3g5ws,Sh,0.00535619,['btc'],0
bc1qk9ta6vgvcn3y5jznsd2q23j00tr9erhvfnuwkj,Sh,0.00533807,['btc'],0
bc1qk9w9dptj7wlgux63pchxc9k6h3ewvefud8pqum,Sh,1.93132207,['btc'],0
bc1qkdtmaca77m80vhrarqgx0z9hztxlxyg53rcxz2,Sh,0.00518485,['btc'],0
bc1qkg9huq6zamxu3a7h6kfhmvusv4zyalmjku87h9,Sh,0.0053709,['btc'],0
bc1qkhuaxxq9rcgjk38fqzvqyvwe95e2ejmcjdl4pz,Sh,0.00595078,['btc'],0
bc1qkl0aw05qtsy8kk6wkajpm3ty8w5fvmkk659tve,Sh,0.00545597,['btc'],0
bc1qknv6x6733qtzrd4r06azlq2hqp625pfa24xr7n,Sh,0.062022,['btc'],0
bc1qkwpvxqrrgf7gp39tneazq6zh30zkdnvnn299ca,Sh,0.0055968,['btc'],0
bc1qkyykufrpadeya2q9jcvtx64mye2k0eyumzxnkc,Sh,0.00559105,['btc'],0
bc1ql7fq68c3yt3g7nwrlzarws6lmkrvs2rjs72kre,Sh,0.17256585,['btc'],0
bc1ql9uhjrn9t2nf0cyr2y0s7n3mhxp364dm7pt2st,Sh,0.0053762,['btc'],0
bc1qlpmys5fzhs7qrepusljagq534te5jka99atp47,Sh,0.0093672,['btc'],0
bc1qlwn862cdg4evaf9skgd5pz78qtn5r5c93spdj0,Sh,0.00573386,['btc'],0
bc1qm79k42ss6j3pr3kt9vy0pudskphzgz096u6fjf,Sh,1.02646744,['btc'],0
bc1qmap34nnl7e80a26s5zg0zzeysymza7y3z9x8je,Sh,0.00580733,['btc'],0
bc1qmdspnh4cfh78ztje0ffj80yf9ehqd00xwhyz8a,Sh,0.00558395,['btc'],0
bc1qmdyrqctk4eyja62wvghuh2pf3gdlje2wzfanve,Sh,0.00571138,['btc'],0
bc1qmep40jlx5waakt0p98gs2kh5xnepawknx4d7yc,Sh,0.57535438,['btc'],0
bc1qml20h7rjwwxg9hu0x9792lghmcktcfqu7kehrz,Sh,8.50038256,['btc'],0
bc1qmylvjkg7yrujvsf2w6hn5zvc2tl4fd0xlt6tc3,Sh,0.01063486,['btc'],0
bc1qn3x9uywwn4n9q3uh2kdn4wsxg8zg8n00s0m80y,Sh,0.00575928,['btc'],0
bc1qn9n9zwvxwjxrdje053pmxetnl4u3ck6x92fwq9,Sh,0.005953,['btc'],0
bc1qna4vw6re5plzk0pv9s2dmc0d2t3ude59nsysaq,Sh,0.21135671,['btc'],0
bc1qnc6zharzx2r8xmhpgc8lz08v9arjeyr4p2mqh6,Sh,4.73353853,['btc'],0
bc1qnf75gm9jks0l6tlugrflakd4axjuy9v55alffm,Sh,0.00525466,['btc'],0
bc1qngc5agxa5fj2hkxvhqyrc87dqxheds92h4zcen,Sh,0.03750692,['btc'],0
bc1qnknwgp0kk2h7q7eq67h3ysv0vlfzj5ej87ghea,Sh,0.00531305,['btc'],0
bc1qnltfa2h2464nup2hcxhp4v3apxk5e0gtucc6e2,Sh,0.00574669,['btc'],0
bc1qnm0d73lgvtaqxxzay5c9fdggtaag88plgx0ugq,Sh,0.00532395,['btc'],0
bc1qnmpcr4l986excsn9mcua44hzn28qrdg3y2fhy6,Sh,0.00578402,['btc'],0
bc1qnqat9ep47eg88kewck4epmxuxps23yr84ne6kg,Sh,0.17828063,['btc'],0
bc1qnsndfdzfsu6v3v8tr9dk3kfgygzsjh2vla7cm0,Sh,70.21181435,['btc'],0
bc1qnvja5xr3nwsn3c062t49ehltnzel5d52qt7um6,Sh,0.17654313,['btc'],0
bc1qnx8ner30zvpvz9ndpyhtmzwv76ct36rmd0fr9m,Sh,0.08030678,['btc'],0
bc1qnzahqtjq82yxesx8jnr9rkhenx3sn24856tlpj,Sh,0.01619685,['btc'],0
bc1qp5r77ucphzfwtz5w2n7688wesezxz25ghwhj7w,Sh,0.00560671,['btc'],0
bc1qp72cz2s5ep47ga3f7eqh7aqyjrxj8mnw6ffngx,Sh,5.7802801,['btc'],0
bc1qpcv36g9cknv9rv50m9yzezh08svg53d08xnhrz,Sh,0.00502761,['btc'],0
bc1qpen0aj43e9x8dlszkwslle8qwy7lr3jsnmvyp5,Sh,4217.706069,['btc'],0
bc1qpjhq9288xykm80jn3929mjg8yslfs6c7e6xx5p,Sh,0.00538,['btc'],0
bc1qpkn0qq5ycwgcznwg5s0ek206cqklhrszusw8zk,Sh,0.0059025,['btc'],0
bc1qppd6y32cncf6jwuf8ff2qe88ayq4kqtrnddykk,Sh,2.91416903,['btc'],0
bc1qpryu2g4udvj62ysrr3609qrrvlcgauq5akyhcv,Sh,0.00509,['btc'],0
bc1qptjzttekdfy4auf4zm6p5dy984lquvc758mqan,Sh,0.046736,['btc'],0
bc1qpyk9qvj29353tfkcsde5rnu2nt7dqq6hgp0m2g,Sh,0.00545462,['btc'],0
bc1qpzmc4u9sjukvxwm0vndsqcwfqkf0wd6wrulj2k,Sh,0.17892995,['btc'],0
bc1qq7vsm94na4aeel9rh23994j8e4nn9pthavp2y7,Sh,0.37943309,['btc'],0
bc1qqakdvgqqc2ng3a4zrn9wcju3x5eu8pmdew3u5w,Sh,0.00577759,['btc'],0
bc1qqp33jxtwex6ddpsw79635z53y23g6cqc45h00x,Sh,0.00599394,['btc'],0
bc1qqq7e0384ch9hnfgre7hx34kxttmecavcrmjd70,Sh,0.33453603,['btc'],0
bc1qqvq4sqcynejua4jq2uf59nfakr5y4lykyl9mnx,Sh,0.14394555,['btc'],0
bc1qqwsn9plxyc7czh9ten86vnnwvuxy0yh63sssf0,Sh,0.01249893,['btc'],0
bc1qr067dfwn9sycx69d4ttlx96056rvx37fa2dh5d,Sh,0.00545394,['btc'],0
bc1qr3lm38ddtsca2dqcwjjv2vdxmdxgvsj4x7ttkz,Sh,0.00551354,['btc'],0
bc1qr95z0zgwlz7rmv9ej5tdc8gqw3j74xreuqyg78,Sh,0.00537284,['btc'],0
bc1qrflkj4f67hqs5vwauspmsdekc6w9at64ll6ll0,Sh,0.78225729,['btc'],0
bc1qrfwnqknc69qc0s2e3aurfwgpjzk3sahvsgdkx6,Sh,0.08273335,['btc'],0
bc1qrp0j7zlcgd06kqe5qu748x4u97mv37wn7xar68,Sh,0.00558137,['btc'],0
bc1qrsxegfa6wqvtl3qa29dxyfsyxyyj9gnfa8upwd,Sh,0.12507273,['btc'],0
bc1qrvyszuqh2swkqcqq4upn999ad8vh0cmk0ee7rc,Sh,0.05665917,['btc'],0
bc1qs4e9uesvmlp5alm2mpgzd4jdjrpsq7jten3tr8,Sh,0.0052122,['btc'],0
bc1qs4ua95e54gwdve8vj620atgdppt996au5xek5d,Sh,3.40063352,['btc'],0
bc1qs53rvsxvn9rgd2znzkpe8s7g3pkmgu6ychaeq6,Sh,2.37140006,['btc'],0
bc1qs5t5kacudpgd3v7jnlqlah2jwn0xsz9htsykz3,Sh,0.0057586,['btc'],0
bc1qs799pqgyccjcczt5kgxu7qt4kk2detrfz2tm3u,Sh,0.18274182,['btc'],0
bc1qs7t9nylj9ztvxd38pdgsdfe6hgs3akfrrldy27,Sh,0.08064424,['btc'],0
bc1qs8gzt2yzmpq8zk6jnc7ay33m99fvvw698s4yk4,Sh,0.00047966,['btc'],0
bc1qs9r72jdvpge0w6hz7xjrah30w6p7fduv7uuc3q,Sh,0.01288826,['btc'],0
bc1qs9uesh27vvmf5948u4lal2fxcry3y5ye594ef7,Sh,1.26997225,['btc'],0
bc1qsdn5frzjgymru5ng287e9jcxr3zj5h0d94ec2e,Sh,0.00506109,['btc'],0
bc1qsdngerkjzyu6ud6hm9k3dxthsm338ha76f9p6q,Sh,0.00599731,['btc'],0
bc1qsjwj5pu9cmx0xhac27n3ymmc3ltn3nee6ksgdn,Sh,0.37099279,['btc'],0
bc1qslupdffm4urnauyauhng8svp0x6e50p3qdkwdv,Sh,0.00585333,['btc'],0
bc1qspzvccfhvtjw0npw66ey2hq992nh5f73aznsrq,Sh,0.01054865,['btc'],0
bc1qst625h6nzzc99ew4cv82q2a2fqkr604gnvljd6,Sh,0.00563655,['btc'],0
bc1qt50u9m9mfhncrs8j004lnu58gzy263cfdy2cns,Sh,0.94157598,['btc'],0
bc1qt65h4x0yfgfwadejdfygshzvm7t0vl44zk3kt4,Sh,0.00587131,['btc'],0
bc1qt6tucndx0k7k6pmyf4p8pyzjfpx4d0eswud5ry,Sh,0.00538943,['btc'],0
bc1qt7007vty094q5pvm3tn5qk3zy7ky66hnkwcs9f,Sh,0.00565515,['btc'],0
bc1qta4t3ge7lt8p6jshv30x36l2779t9tn8q9a2km,Sh,0.02034162,['btc'],0
bc1qtasy3gjyav3y9rmrt2g0echfwyw9q5s6nr3uex,Sh,0.00537186,['btc'],0
bc1qtdcledcrm8fsnkm522gncr5nkq9qvkh0r8lp7q,Sh,0.00550582,['btc'],0
bc1qthnvccd99f99hz8fqdhrundes5cj3xm6sw2waw,Sh,2.35443693,['btc'],0
bc1qtj0y0pqekk87u562w6yr2hnn6ycrx553zaqcde,Sh,0.00514579,['btc'],0
bc1qtk9whq7nvr09d2gsfrpj39dwyyuf8zekr6tj4y,Sh,0.00529045,['btc'],0
bc1qtmz8kgk5kecdstffcysujaazdadqnmmqgavzh7,Sh,0.11398541,['btc'],0
bc1qtpuew7hslzff2gyhz72gm67323geuz2m9s33uu,Sh,0.01089217,['btc'],0
bc1qtwctvnnvs56t6rame2vdggdu3yldn3haplcg2x,Sh,0.03397,['btc'],0
bc1qtwj9ewqsqp2shsn32838ly2npulkhnkhr76hz9,Sh,1.45808492,['btc'],0
bc1qtz5edaffngs7vdxp9x9l5g9yvjrqdt9htm09lk,Sh,3.20104109,['btc'],0
bc1qu82yueqruvdh6wcrl5clmrmjsqq74uqfddfkuf,Sh,0.07268239,['btc'],0
bc1quch9uut934qw298ucxhgvtrlh5zay36akyzzpw,Sh,0.00564871,['btc'],0
bc1qud093aagsyel654d2xpeewf8490lux3tda9zua,Sh,0.35744937,['btc'],0
bc1qud70kc4fxr50lz5md8a4x8nw9em5lvf58q7gfh,Sh,0.00522951,['btc'],0
bc1quhcs46uchuzky9k4mltwp6t2dlntmtzc2rr4ax,Sh,0.00539686,['btc'],0
bc1quj2dtt3wx2ppu9prm7x9vtjdthz4jlky62gy9a,Sh,0.00535302,['btc'],0
bc1quje9dlvwst0wa0u4qzgacjfjn37ql4dkqku99s,Sh,0.00544903,['btc'],0
bc1qul2gnn09aljup9fcdhetwl3jd9pkrvh68pr4fl,Sh,0.00539897,['btc'],0
bc1qulmtr6g4qvnhukwxl3elh23yav6khvdgjmfvlg,Sh,0.00516579,['btc'],0
bc1qulrjkptff0t7p3mkstjcattrjmrkycnp0cyf5w,Sh,0.00511519,['btc'],0
bc1quunkszwfss9xvzq4cp3tk0ns8kphydfsszx6yl,Sh,0.005743,['btc'],0
bc1quw8ts8w2fhnwh200et608x7ynkthgq9u5c8vkk,Sh,0.22409266,['btc'],0
bc1qux99h48elsa6qjvk0vx5xqc56x0z0fz4cxs3gw,Sh,0.00576815,['btc'],0
bc1quzgdud0pf9urf0a32j4mk76wsg7djrcp3j666g,Sh,0.00574631,['btc'],0
bc1qv5nn7gt3t65ygcp4ukt968kwe9c2lxlgw4yegz,Sh,0.82090887,['btc'],0
bc1qvk3un7y3g3yrezg2p0muxl5nrstfufvg420ay9,Sh,0.0051225,['btc'],0
bc1qvn3nzrgfcuxykex0v6qzfr8arsz2prz4sdn8yj,Sh,0.33620668,['btc'],0
bc1qvsfeqvnr42yuvecrgws6js0t353uxnz8pcqr09,Sh,5.83918886,['btc'],0
bc1qvusss6xw2js73y8fmldsdvd9e598wxqmtc6e06,Sh,0.07575039,['btc'],0
bc1qvz7xt3yf8dm8j4mr8csrrjvfjyechazam0ggt7,Sh,12.22786146,['btc'],0
bc1qw0jmrjxe2vulmkv5prype5ed40rt7sqh5rsgeh,Sh,0.06512513,['btc'],0
bc1qw5vq5udd84u9az9tzmj0xahf80ltdhncypkha3,Sh,0.00556194,['btc'],0
bc1qw7glpdf0x6l580qh5ux3k6qe2z7ypr48a8xgw3,Sh,0.00580927,['btc'],0
bc1qw7tmeue7z9jk4xapkgkfww7kzrzt94479gja8h,Sh,0.00537398,['btc'],0
bc1qw864a59lnc24eqqdlfn5p4gx4tjjew3d3h7ghz,Sh,0.04317713,['btc'],0
bc1qw8wrek2m7nlqldll66ajnwr9mh64syvkt67zlu,Sh,602631.9884,['btc'],0
bc1qw967vlcmnh3gsq85x0fkt42gv0kt2zccl96q7v,Sh,0.00523001,['btc'],0
bc1qw9sagrykw9tm5uveyu920pwnyvv33jfdf8kh8d,Sh,0.30775424,['btc'],0
bc1qwa2qs5vllk6vymwup8fd3w43gg4mv0lnwtc0ka,Sh,0.00510308,['btc'],0
bc1qwaup9t60hchq00d5g4h79tpp55464at72v0qzm,Sh,0.00508144,['btc'],0
bc1qwe57rwv608muy0yauu4rrdzqapr7a4krq95ue0,Sh,0.06173117,['btc'],0
bc1qwj7apuyl9ed5r42n38p33ljc8ml07x8lhsha52,Sh,0.08055052,['btc'],0
bc1qwjda9sv62njsjp5mchwameh3y5gt7ep8kfnxex,Sh,0.00551862,['btc'],0
bc1qwjdf826a236ul3ep525gqgqy8wfx0nfmlgsu9e,Sh,2.14766206,['btc'],0
bc1qwmnpkzyfhugv4yjvu47h2unhpgnq6uj58xahzn,Sh,0.00556748,['btc'],0
bc1qwntd0g6z29nfn6xtaevgfwk86uu788txu8lz73,Sh,3.55863671,['btc'],0
bc1qwnvdmurrkqxsqxwvxsg9e9amwuq926208alrmz,Sh,0.00591051,['btc'],0
bc1qwp8xcstykffq644n55rzcyv34r9u27vpg00dnt,Sh,0.00538607,['btc'],0
bc1qwssv5cd97c5zpj687tj5uztjw6f2kmge303qu4,Sh,0.04388795,['btc'],0
bc1qwvsnhh3m45cgeh2alhldm4044sa8uswdysnal0,Sh,0.00576621,['btc'],0
bc1qwwujfwrc9chh8atuzjxufsxxeex5nsqwy9c9z5,Sh,0.00586877,['btc'],0
bc1qwypyhe528cgwscketsnf7qcmyfr7g0h35x9wd7,Sh,686.3128171,['btc'],0
bc1qx2g20w596k93yjz3d23tvpguwmwsv3jf0g7dmt,Sh,0.05073,['btc'],0
bc1qx2qvkfsne4nna6mqtxpx34w9w77azkuce4uuhh,Sh,0.00536199,['btc'],0
bc1qxe9teqkkhf6fjrqgmtcs06n32emtdgzssxygjt,Sh,0.36773427,['btc'],0
bc1qxfea5z560dpk4cmtqplpp4cn5pdtdrmv6mzey0,Sh,0.00557779,['btc'],0
bc1qxhuhtue63l7627pmtuucxerum9zj6luykm6k6s,Sh,0.00579634,['btc'],0
bc1qxjjhmra86h9x4zjax4pqa83lek6jdcp3xz7r7e,Sh,0.005,['btc'],0
bc1qxkjefuwry6j08yxt6xcatj00evqdggnpz83med,Sh,0.39522606,['btc'],0
bc1qxkk7mgm8qpx3ykrnssrakarucmd45j8nzk9gn2,Sh,3.82773819,['btc'],0
bc1qxllvf0swd8jype6mjsw50pqzztl49j29adxdn2,Sh,0.0059886,['btc'],0
bc1qxs2wu9vm073fjggrfr9rntvaw5c8dgutqsy7az,Sh,0.00577391,['btc'],0
bc1qxshja5ll3hy927lk3kvjegzzkphmrnq86pag9l,Sh,7.04621531,['btc'],0
bc1qxslf5z8w2mcqdax9jlxpfdvsaa8rgqj9lyyllv,Sh,1.06340766,['btc'],0
bc1qxuhchugsd0hngycpmrl426vjpgawkwmj452r0n,Sh,0.12341602,['btc'],0
bc1qxzv02pf84tu6kc85v3p3d37lgm0mketpnf9ylr,Sh,0.14680396,['btc'],0
bc1qy2kehx3jzv6wvp9pjpcsnxl4xjs8slmnwkqh84,Sh,0.0052045,['btc'],0
bc1qy3fp6dzjejs6myan5fdakypejxkuw7nuugqn2r,Sh,0.005656,['btc'],0
bc1qy8xqj64p9gmqxxad92jjsmeejyl3ynjuzqptng,Sh,0.00515133,['btc'],0
bc1qyd8qy8ucrpjtyyn447cnlvus2q5rr3tnclaqfq,Sh,0.00550411,['btc'],0
bc1qyfvsv3s7lruf83nm4j878qlguwt37z87qa2lr4,Sh,0.00565416,['btc'],0
bc1qygwualc2ve22qz4mct5u8dqx363qspaqxspwfe,Sh,0.56635581,['btc'],0
bc1qys0pqef453speshrkhs48wk7hmrzynw763z8uf,Sh,0.58227718,['btc'],0
bc1qytft5lx60pkmsw78lqyp8xeays5tgmr0xyyh6e,Sh,0.53354092,['btc'],0
bc1qyu65qra6amdsw98nj2al833praetn2nf3hwr96,Sh,0.16382613,['btc'],0
bc1qyu7gsjc587dmdt92nmvwyjdk9s45r3vkqgdyz9,Sh,0.07367463,['btc'],0
bc1qywc0krn4mprdg5ep6w32exdw0eqj4ctll6lznh,Sh,0.12792955,['btc'],0
bc1qyy58x0mw66dxl3lktczsru642rrv9txkldqkar,Sh,0.0057538,['btc'],0
bc1qz3ykjc38vw5zqcm4qwkvpga8g6l9kwrcukyh6s,Sh,1.35643573,['btc'],0
bc1qz4cg9n4p9dmj92gvxwxud7p8v7fy4v9tmpedwy,Sh,0.00503775,['btc'],0
bc1qz5n7e2cnlqldswws0tqhvf4jdju5vegs74ka3x,Sh,0.07314225,['btc'],0
bc1qz78uqzd58h7vsrmf6lmx9lywua5hlhtryvtmpz,Sh,0.00536733,['btc'],0
bc1qze0u0c5nhdsm5hswddu2exg2fs0xkhc4zzzn73,Sh,0.52240803,['btc'],0
bc1qzfcuk49lng29x5fs747nttkugtv5psxdspncpa,Sh,0.00805378,['btc'],0
bc1qzjrzx2cdqezvkmvxdgnr4wl4p2xxae286wdg8p,Sh,0.00534451,['btc'],0
1PV33QXGLUMB5QuW5Nx68YbBFm82LtX9f3,Sm,0.1078048,"['card', 'transcation']",0.35
bc1q2msva0suuu5h5h0tyhgz97hyatunv47g4pk9lj,Sm,0.00954399,['card'],31.9
1NxdWi1LUksY6VokaVnwjQnSQn7gKpDHpx,Sm,0.1111319,['card'],31.797
bc1q54egvkyjljuzn87txhzyfx8xxnmvyquwp2pnme,Sm,0.01029638,['card'],0.778
bc1qz249tgqzx83g4hmk5gh88e5xs8cf3w3dy4ymj9,Sm,0.04201282,['card'],0.634
bc1qsfeflfd7upmeprpvtn4u6acgd5s0qj9mamg4w2,Sm,0.01833211,['card'],0.523
1PwZjTuDyjHSs1ba3Tbhypm72QrMsnR3Gm,Sm,0.04999923,['card'],0.395
bc1qmpmjpztuzstesstzpe6nhlqf6ym3gwsxptax85,Sm,0.04678877,['card'],0.387
1EcGMhJAmhJsAhXpBkUC7db5WEnx9d9fsw,Sm,0.03968777,['card'],0.387
bc1q8mr89udfq9yeyr2qyur6zkdwfvkga0m5y49prc,Sm,0.00664551,['transaction'],0.387
19fTCB7QzaTnck24SktRW6LP25R9Q5FDaz,Sm,0.0006299,['card'],0.364
15BiCbHPscR6VXnJKkRg2W6UeEFCsjRGjs,Sm,1.99953456,['card'],0.278
19iBnoD4RdqdDydDYxoYVGBwf1teg7g6R5,Sm,0.05077482,['card'],0.278
12RkNJ6aPJqik4H3sHp38XJe5Q31N411Nb,Sm,0.02818648,['card'],0.278
bc1q2y0nud3mys36gnf48nr28gya3462jt0yuayhjg,Sm,0.00001,['card'],0.278
1CPwmnKRxvyzkjBoZptAAD8YcYdxZj71s8,Sm,0.00153323,['card'],0.261
1CXd6phbhywEU2dLJ1zoywqABmnADJfwjw,Sm,1.52553325,['card'],0.261
1DXyJpmu2KQMw2v4QJVzzjZo6f87BBndu6,Sm,0.00066694,['transaction'],0.261
3NZZBvrgAL8nyG2o8PU38zRdcvzrSSjPCX,Sm,0.02517413,['transaction'],0.261
19wCFh3wAqqWE9SNJu6QyBmCVX68zVGLH5,Sm,1.09171140 ,['transaction'],0.261
1CyiqmkPFb7SysXhhTdtd8ajpz58t5xFRY,Sm,6.35868090 ,['transaction'],0.261
bc1qhk3q9wnk26vm0tf37heacgxj44z2qwf6z9mrwr,Sm,0.02783456,['card'],0.15
3MMq1KhdP5X13mhfRPK7rJ14J2NgXCVm83,Sm,0.00302935,['card'],0.15
bc1qnw7vy87x32czsjkwf4swg0xc2dyet9y5cquvfu,Sm,0.0202256,['card'],0.15
bc1qz8mxvazzsq8xlsnmapswml0j0j43ku9gyyw5wm,Sm,0.00011515,['card'],0.15
bc1q4v8rjeqennt0jea73wsh8prx0v5eyksq88h8yc,Sm,0.08602588,['card'],0.15
1Q1itL4JYbRg3EVpsim2zWrq1HHzcxmLTr,Sm,1.24526768,['card'],0.15
1H7tPGwp1YJ2eXu2JoK52mWqYoiWgkSzjC,Sm,0.00259250 ,['transaction'],0.15
13VQQdYsMeSL68kthMpiMAvkAXbffjGgd8,Sm,8.20000000 ,['transaction'],0.15
bc1qqy2hy3cqy5vpwkacskngvax0rmt4kghxzs2hk0,Sm,0.00160000 ,['transaction'],0.15
1Cq9rN9R424zFVdz6AeBZTRW8Uv6rLSfy8,Sm,0.87000000 ,['transaction'],0.15
1Lf2mNmkTjj5K1k63UX46p3GVHGQEANJop,Sm,1.70000000 ,['transaction'],0.15
1CfMBTgpqujxtHAA6n2njoArujk8ougwfK,Sm,0.03744413,['transaction'],0.15
1CzzrfuxzDnxckRE8tnLf7CkSxNd1D2VbR,Sm,0.02832864,['transaction'],0.15
bc1q2x5ng048kuhpw7xxgvmrjzsufqnmgn75hal69w,Sm,0.00260000 ,['transaction'],0.15
1MtMTtaJDAWC5Kt15rNtNi9yWcGJEyDYr1,Sm,0.00429164,['transaction'],0.15
14bvSZRjtufjJN1WEvRPBMSrRzZ1m1cTdp,Sm,0.10698392,['card'],0
1N1RtSHuZrHPdBBkkDd81yuRJVo8MJXhtA,Sm,0.008128,['card'],0
14PbVqsV2wuRXjdDUjErmrGsbgqRi47baM,Sm,0.06569585,['card'],0
3MpKfZZyf44myybX3M9y1sTKS5Mrs7e5JF,Sm,13.29291039,['transaction'],0
bc1qvstwzsrfml43jrclsp68220l4lx5lw3kwf7dp0,Sm,193.9990605,['transaction'],0
bc1qqp8pwq277d30cy7fjpvhcvhgztvs7v0nudgul5,Sm,463.9975863,['transaction'],0
3KBsR6Ld255Tw5hNR4S6KaX5SXxvRF6jv3,Sm,1.29969018,['transaction'],0
bc1qanrl8n3flz4jftkscljx2hwuc3h50f9ynp2nyn,Sm,89.99955532,['transaction'],0
1NXjbzhVCm2WrJzuur9PkY3aVo54jJx3sJ,Sl,1.33900601,['door'],32.534
1CrH9JaeZB1jtukv9KGT648Dv6rPbWKN9S,Sl,0.50380076,['door'],16.869
1FyCD8kp9ekiTTgdyhFtZRgzR1QCHV4i84,Sl,0.00011735,['door'],8.437
12rtG6WuS8aA3kJg4EQFuLDjUcsZp8yxag,Sl,0.0002,['door'],3.507
3KCg6iDAJAVLRQaAHXby96w1xRDPFM35cW,Sl,0.05739569,['door'],2.522
1MAk481vifp7MW9z4Ho4TWrmMtiM5HGvrd,Sl,0.00446153,['door'],2.346
bc1qnsuy5wma43fjs8hqssvhtp996hw3zadm3sst0t,Sl,0.0013379,['door'],2.339
bc1q59t6z2lqdve7tfu3nc56dkh9djvpzpxllwyek6,Sl,0.00044029,['blog'],0.261
38qeoTiN6QbYuAF6o7LtayxA5UZxWrdf4C,Sl,0.07052993,['door'],0.241